sku,title,author_or_publisher,price,stock
9789766460013,100 Practice Exercises In Comprehension,,3500.0,0
9789768184108,1st Lesson in Map Reading for the Bahamas,,1895.0,0
9789766102457,1st Lesson in Map Reading for the Caribbean,,1895.0,0
9789769611351,500+ Practice Questions for CSEC Exams Information Technology,Howard Campbell/ Nutcracker,1200.0,0
9768202130,A Beginners Phonics Workbook,Margaret E. Clarke,1395.0,0
9789768010926,A Beginners Phonics Workbook Part 2,Margaret E. Clarke,1395.0,0
9789768245656,A Boy Named Ossie - School Edition,Dr. Earl McKenzie,2195.0,1
9781398307759,A Brighter Sun,Samuel Selvon,3640.0,1
97697681885945,A Complete Language Arts Course for GSAT,,4200.0,0
9789768185204,A Comprehensive English Course Book 2 Revised Edition,Uriel Narinesingh,5500.0,1
9789768245830,A Country Boy: More Ossie Stories,Earl McKenzie,2195.0,1
9780230733435,A Cow Called Boy,C. Everald Palmer,3602.0,7
978-0-00-830151-4,A Explorar Activity 2,,2100.0,0
978-0-00-830154-5,A Explorar Activity 3,,2100.0,0
978-0-00-830147-7,A Explorar Estudiante 1,,4200.0,0
978-0-00-830150-7,A Explorar Estudiante 2,,4200.0,0
978-0-00-830153-8,A Explorar Estudiante 3,Collins,4200.0,0
978-0-00-830149-1,A Explorar Profesor 1,Collins,5675.0,0
978-0-00-830152-1,A Explorar Profesor 2,,5675.0,0
978-0-00-830155-2,A Explorar Profesor 3,,5675.0,0
9789768192066,A Little Child Shall Lead Them,Joyce M. Linton,500.0,2
9780582028036,A Post-Emancipation History of the West Indies,Isaac Dookahn,4000.0,1
9789768246431,A Pre-School Colouring Book Funtime Revised Edition,,750.0,1
9789769590687,"A Process of Learning Vocabulary, Spelling and Reading Skills Level 3",Vidya Maharaj,2400.0,15
9789769590694,"A Process of Learning Vocabulary, Spelling and Reading Skills Level 4",Vidya Maharaj,2000.0,20
9789766250073,A Step by Step Guide to Better Biological Diagrams,,1295.0,1
9780008142452,A Volar Foundation Pupil Book,Collins,2105.0,1
9780008136284,A Volar Pupil Book 1,Collins,2472.0,6
9780008136314,A Volar Pupil Book 2,Collins,2472.0,2
9780008136345,A Volar Pupil Book 3,Collins,2689.0,1
9780008136376,A Volar Pupil Book 4,Collins,2666.0,1
9780008136291,A Volar Workbook 1,Collins,2062.0,5
9780008136321,A Volar Workbook 2,Collins,2062.0,8
9780008136352,A Volar Workbook 3,Collins,1960.0,1
9780008136383,A Volar Workbook 4,Collins,1960.0,1
9768028707X,A Workbook for Clothing & Textiles Students,Joan A Davis-Williams,2800.0,5
976802808X,A Workbook for Food & Nutrition Students,Joan A Davis-Williams,2800.0,3
9781510414310,A World of Poetry Third Edition,Hazel Simmons,4550.0,19
9781510414327,A World of Prose Third Edition,Hazel Simmons,4550.0,5
9781398327702,Achieve! Student Book 1,Neville Grant et al,6085.0,1
9781398327719,Achieve! Student Book 2,Neville Grant et al,6085.0,1
9781447931881,Achieve! Student Book 3,Neville Grant et al,6470.0,1
9781447979340,Achieve! Student Book 4,Dr. P. Feraria,8095.0,1
9789814781114,Active English Coursebook 1 Revised Edition,Scholastic,2500.0,0
9789814781121,Active English Coursebook 2 Revised Edition,Scholastic,2500.0,0
9789814781138,Active English Coursebook 3 Revised Edition,Scholastic,2500.0,0
9789814811897,Active English for Success Coursebook 4,Scholastic,2500.0,0
9789814811903,Active English for Success Coursebook 5,Scholastic,2500.0,0
9789814811910,Active English for Success Coursebook 6,Scholastic,2800.0,0
9789810747619,Active English Literature Reader 1,Scholastic,1500.0,0
9789810747640,Active English Literature Reader 2,Scholastic,1500.0,0
9789810747671,Active English Literature Reader 3,Scholastic,1500.0,0
9789810747701,Active English Literature Reader 4,Scholastic,1500.0,0
9789810747732,Active English Literature Reader 5,Scholastic,1500.0,0
9789810747763,Active English Literature Reader 6,Scholastic,1500.0,1
9789814781176,Active English Workbook 1 Revised Edition,Scholastic,1800.0,0
9789814781183,Active English Workbook 2 Revised Edition,Scholastic,1800.0,0
9789814781190,Active English Workbook 3 Revised Edition,Scholastic,1800.0,1
9789814781206,Active English Workbook 4 Revised Edition,Scholastic,1800.0,0
9789814781213,Active English Workbook 5 Revised Edition,Scholastic,1800.0,0
9789814781220,Active English Workbook 6 Revised Edition,Scholastic,1800.0,0
9789766482688,Additional Mathematics A Complete Course for CSEC,Raymond Toolsie,9360.0,1
9789766482558,Additional Mathematics Guide for CSEC Students,Eunice Chee and Gary Woo Chong,8860.0,1
9789766481469,Advanced Proficiency Communication Studies for the Caribbean,Ashmini Motilal,5400.0,1
9789766381653,Adventures: Primary Language Arts Book 1,M. Thomas Powell et al,3200.0,5
9789766382063,Adventures: Primary Language Arts Book 2,M. Thomas Powell et al,3200.0,6
9789766382308,Adventures: Primary Language Arts Book 3,M. Thomas Powell et al,3200.0,3
9789766381929,Adventures: Primary Mathematics Book 1,M. Thomas Powell,3200.0,6
9789766382148,Adventures: Primary Mathematics Book 2,A. McDonald et al,3200.0,7
9789766382162,Adventures: Primary Mathematics Book 3,Michelle Reckford et al,3200.0,6
9789766382261,Adventures: Primary Mathematics Book 4,Conroy Hall,3200.0,4
9781398307360,Agricultural Science Book 1: A Course for secondary schools in the Caribbean: Third Edition,Amrith Barran,4615.0,1
9781398307360,Agricultural Science Book 2: A course for secondary schools in the Caribbean: Third Edition,Amrith Barran et al,4615.0,1
9781398307445,Agricultural Science Book 3: A course for secondary schools in the Caribbean: Third Edition,Amrith Barran,4615.0,1
9789766484583,Agriculture for CSEC: New Edition Revision Course,Sahadeo Ragoonanan,9260.0,1
ALPEST-2072,"Alpha-Zen PEP Standards for Language Arts Practice Grades 4, 5 and 6",Romeo Lee & Dwight Holland,2300.0,0
ALPEST-5047,"Alpha-Zen PEP Standards for Mathematics Practice Grades 4,5 & 6",Romeo Lee & Dwight Holland,2300.0,2
ALPEST-6279,Alpha-Zen PEP Standards for Science Practice Grade 5,Romeo Lee & Dwight Holland,2300.0,1
ALPEST-4208,Alpha-Zen PEP Standards for Social Studies Practice Grades 5,Romeo Lee & Dwight Holland,2300.0,2
9789768245298,An Advance Students’ Guide to Edward Baugh's Poetry,S. J. Woodburn,2195.0,0
9789766482633,An Easy Approach to Composition Book 1,Cheryl Brandshaw,3000.0,1
9789766482640,An Easy Approach to Composition Book 2,Cheryl Brandshaw,3000.0,2
9789766482657,An Easy Approach to Composition Book 3,Cheryl Brandshaw,3000.0,1
9789766482664,An Easy Approach to Composition Book 4,Cherryl Brandshaw,3000.0,1
9789766482701,An Easy Approach to Composition Infant 1&2,Cheryl Brandshaw,2760.0,1
9781408519998,Anansi,Alistair Campbell,3633.0,3
9780582434479,Animal Farm,George Orwell,4955.0,5
9781471875076,Answers to The Illustrated First Aid in English Book,Angus Maciver,2540.0,1
9789766108519,Assessment Tests in Numeracy Skills Grade 4,Dave L. Kelly,3800.0,14
9781398307742,Aunt Jen,Paulette Ramsay,3640.0,7
9789768245960,¡Necesario! Pre-CSEC Spanish Practice Paper for the Caribbean Grades 7-9 Teacher's Edition: A Three-Year Workbook,Andre C. Bruff,4395.0,1
9789768245847,¡Necesario! Pre-CSEC Spanish Practice Paper II for the Caribbean Grades 7-9 Student's Edition: A Three-Year Workbook,Andre C. Bruff,5195.0,1
9789766461102,¿Cual Es? Student's Book Second Ed,J.A. Ovid / D.L. Doodnath,5210.0,1
9780435215170,Bad Girls in School,Gwyneth Harold,3640.0,1
9781927395127,"Basic Book: Animals, Colour & Write",,1500.0,8
9781927395646,Basic Book: Leap into Letters,,1500.0,6
9781927395660,Basic Book: Leap into Numerals,,1500.0,5
9781927395141,"Basic Book: Numbers, Colour & Count",,1500.0,3
9781927395264,Basic Book: Science Readiness,,1500.0,13
9781927395134,"Basic Book: Shapes, Colour & Trace",,1500.0,7
9789766481940,Basic Electricity and Electronics A Complete Course for CSEC Volume 1,M. Halls,9860.0,1
9789766481957,Basic Electricity and Electronics A Complete Course for CSEC Volume 2,M. Halls,9860.0,1
9781398340473,Beka Lamb with CSEC Study Notes,Zee Edgell,3640.0,1
BIBOOF-4399,Big Book of Writing Prompts,,2900.0,0
9789766481308,Biology for CSEC,Raphael Ramlal/ Koh Hsing Dee/ Anne Chua,9600.0,0
9789766484392,Biology Lab Manual for CXC/CSEC School Based Assessment,C. Churaman,5600.0,1
9789769630871,Biology Made Easy for CSEC Students: SBA Component Included,Farial M. Ali,5250.0,1
9780582093478,Biology Skills for Excellence,C. Carrington / M. Agard / L. Sealy,3130.0,1
9780175663866,Bite in 1,Cecil Gray,3785.0,2
9780175663873,Bite in 2,Cecil Gray,3936.0,3
9781546169772,BOB BOOKS- BEGINNING PHONICS WBK,,1800.0,0
9781338226782,BOB BOOKS-EMERGING READERS WBK K,,2500.0,0
9781405095983,Bright Ideas: Caribbean Primary Science (Student's Book K - Ages 4-5) (Bright Ideas: Macmillan Primary Science),David & Penny Glover,1613.0,2
9781405096072,Bright Ideas: Caribbean Primary Science (Workbook 5),David Glover / Penny Glover,2572.0,7
9781405097390,Bright Ideas: Caribbean Primary Science Workbook K,David & Penny Glover,1127.5,1
9780230448667,Bright Ideas: Jamaica Primary Science (Student's Book 4),David Glover / Penny Glover,4087.0,2
9780230443976,Bright Ideas: Jamaica Primary Science (Workbook 4),David & Penny Glover,2572.0,2
9789766551117,Building Reasoning Skills For The PEP Ability Test Grade 6,Urelda Brown Waugh,3255.0,21
9789766480424,CAPE Accounts,T B Teck/AG J Wee/S W L Eng/O Chan/ R Sinanan,10800.0,1
9789766485597,CAPE Communication Studies (3rd Edition),DR Harold McDermott,10800.0,1
9789766481926,CAPE Economics Unit 1 Comprehension Economics for Caribbean Students 2nd Edition,Edward Bahaw,7680.0,1
9789766481933,CAPE Economics Unit 2 Comprehension Economics for Caribbean Students  2nd Edition,Edward Bahaw,7680.0,1
9789769550414,CAPE Fundamentals in Entrepreneurship Unit 1,N. Maharaj,4400.0,1
9789769550445,CAPE Fundamentals in Entrepreneurship Unit 2,N. Maharaj,4400.0,1
9789769543119,CAPE Literatures in English Drama Module,DR Harold McDermott,8960.0,1
9789766483012,CAPE Literatures in English Poetry Module,DR Harold McDermott,8960.0,1
9789766481070,CAPE Management Of Business Unit 1,Siddique Barkarr,10320.0,1
9789766483937,Cape Mathematics Made Simple Unit 1,Viiay Mahabir,10800.0,1
9789766483234,Cape Mathematics Made Simple Unit 2,Vijay Mahabir,10800.0,0
9789766485153,CAPE New Integrated Geography Unit 1,Sheldon G. Bleasdell,10320.0,1
9789766483241,CAPE New Integrated Geography Unit 2,Sheldon G. Bleasdell,10320.0,1
9780230428652,Caribbean Bright Sparks Primary Mathematics Second Edition Student's Book 2,Laurie Sealy / Sandra Moore,1737.0,12
9780230429086,Caribbean Bright Sparks Primary Mathematics Second Edition Student's Book 4,Laurie Sealy / Sandra Moore,3057.0,1
9780230429109,Caribbean Bright Sparks Primary Mathematics Second Edition Student's Book 5,Laurie Sealy / Sandra Moore,2051.0,2
9780230401198,Caribbean Bright Sparks Primary Mathematics Second Edition Workbook 4,David Glover / Penny Glover,2118.0,2
9780230401228,Caribbean Bright Sparks Primary Mathematics Second Edition Workbook 5,Laurie Sealy / Sandra Moore,2118.0,2
9780230401259,Caribbean Bright Sparks Primary Mathematics Second Edition Workbook 6,Laurie Sealy / Sandra Moore,1063.0,2
9789766480868,Caribbean Environmental Geography for Lower Secondary School,Vohn A.M. Rahil,6360.0,9
9781408205938,Caribbean History: Foundation 4th Edition Book 1,William Claypole,6670.0,1
9781408205945,Caribbean History: Independence 4th Edition Book 2,William Claypole,6670.0,2
9781398369092,Caribbean Home Economics in Action Book 1 4th Edition,Caribbean Association of Home Economics,5420.0,1
9781398369115,Caribbean Home Economics in Action Book 2 4th Edition,Caribbean Association of Home Economics,5420.0,1
9781398369139,Caribbean Home Economics in Action Book 3 4th Edition,Caribbean Association of Home Economics,5420.0,1
9789768172053,Caribbean Integrated Music Book 1,Karen Headlam Cyrus,1900.0,1
9789766481544,Caribbean Integrated Readers Book 1,B. Ninah & K. Ninali,2660.0,7
9789766482336,Caribbean Integrated Readers Book 2,B. Ninah & K. Ninah,2660.0,1
9789766482305,Caribbean Integrated Readers Book 3,B. Ninah & K. Ninah,4360.0,7
9789766482350,Caribbean Integrated Readers Book 4,B. Ninah & K. Ninah,5200.0,6
9789766482367,Caribbean Integrated Readers Book 5,B. Ninah & K. Ninah,5200.0,4
9789766483715,Caribbean Integrated Readers Infant Book 1,B. Ninah G. Harry,3100.0,1
9789766484040,Caribbean Integrated Readers Infant Book 2,B. Ninah G. Harry,3100.0,1
9789766481551,Caribbean Integrated Readers Workbook 1,B. Ninah & K. Ninah,2600.0,8
9789766482343,Caribbean Integrated Readers Workbook 2,B. Ninah & K. Ninah,2600.0,2
9789766482312,Caribbean Integrated Readers Workbook 3,B. Ninah & K. Ninah,2600.0,1
9789766482329,Caribbean Integrated Readers Workbook 4,B. Ninah & K. Ninah,2800.0,1
9789766482374,Caribbean Integrated Readers Workbook 5,B. Ninah & K. Ninah,2800.0,5
9789766483777,Caribbean Integrated Readers Workbook Infant 1,B. Ninah G. Harry,2400.0,1
9789766484057,Caribbean Integrated Readers Workbook Infant 2,B. Ninah G. Harry,2400.0,1
9781510434660,"Caribbean School Atlas For Social Studies, Geography & History",Morrisey,3130.0,12
9781510460188,Caribbean School Atlas Skills Workbook,Michael Morrisey,2125.0,1
9781408230459,Caribbean School Hymn Book,,2499.0,20
9789766380885,Carlong Communication Task: An Integrated Approach,Sheila Gallow et al,2000.0,8
9789766381042,"Carlong Economics for CSEC with SBA, Study Guides and Exercises",K. Robinson et al,4800.0,1
9789766382353,Carlong English A for CSEC with Study Guide & Exercises,Keith Noel et al,4800.0,1
9789766383244,Carlong English B for CSEC 4th Edition,Keith Noel et al,4250.0,1
9789766381912,Carlong First Step in Science Year 4,V. McClenan et al,3700.0,16
9789766381967,Carlong First Step in Science Year 5,V. McClenan et al,3700.0,16
9789766382292,Carlong First Step in Science Year 6,V. McClenan et al,3700.0,4
INCO-7810,Carlong Infant Colouring,Nemeica McFarlane,1950.0,3
9789766382315,Carlong Practice Papers Language Arts PEP,Dorothy Noel,3000.0,29
9789766382322,Carlong Practice Papers Mathematics PEP,Delores O'Connor,3000.0,14
9789766382339,Carlong Practice Papers Science PEP,Sonia Williams,3000.0,9
9789766382346,Carlong Practice Papers Social Studies PEP,Phyllis Reynolds,3000.0,14
9789766382544,Carlong Primary Integrated Studies: In My Community Year 2 Term 3,Vilma McLenan et al,2400.0,16
9789766382490,Carlong Primary Integrated Studies: Knowing About Me Year 1 Term 1,Vilma McLenan et al,2300.0,16
9789766382520,Carlong Primary Integrated Studies: Learning About and Caring for My Body Year 2 Term 1,Vilma McLenan et al,2300.0,5
9789766382513,Carlong Primary Integrated Studies: Learning About My School Year 1 Term 3,Vilma McLenan et al,2300.0,19
9789766382575,Carlong Primary Integrated Studies: Learning About Our Culture Year 3 Term 2B,Vilma McLenan et al,2100.0,17
9789766382582,Carlong Primary Integrated Studies: Learning About Our Environment Year 3 Term 3,Vilma McLenan et al,2200.0,26
9789766382537,Carlong Primary Integrated Studies: Living Together Year 2 Term 2,Vilma McLenan et al,2500.0,12
9789766382506,Carlong Primary Integrated Studies: My Family and My Home Year 1 Term 2,Vilma McLenan et al,2300.0,13
9789766382568,Carlong Primary Integrated Studies: Relating to Others 3 Term 2A,Vilma McLenan et al,2400.0,11
9789766382551,Carlong Primary Integrated Studies: Taking Care of My Body and My Needs Year 3 Term 1,Vilma McLenan et al,2300.0,5
9789766381035,Carlong Primary Religious Education Year 4,E.Sherman et al,2200.0,5
9789766381134,Carlong Primary Religious Education Year 5 & 6,Y.Miller-Wisdom et al,2800.0,10
9789766382117,Carlong Primary Social Studies Year 4,D. Bryan-Campbell,3400.0,47
9789766382179,Carlong Primary Social Studies Year 5,D. Bryan-Campbell,3400.0,9
9789766382285,Carlong Primary Social Studies Year 6,D. Bryan-Campbell,3400.0,6
9789766381028,"Carlong Principles of Accounts for CSEC with SBA, Study Guides and Exercises",John Tracey et al,4600.0,1
9789766383213,Carlong Principles of Business for CSEC 2nd Edition,K.Robinson et al,6400.0,1
9789766380212,Carlong Revision Guide For Junior English 2nd Edition,K.Noel et al,3500.0,5
9789766380908,Carlong Revision Guide: Junior Mathematics,Solomon-Nelson,3500.0,4
9789766380984,Carlong Revision Guide: Junior Science,Paulette Chedda,3500.0,30
9789766380069,Carlong Third Year Assessment Test Reasoning & Problem Solving,H. Bennett,2000.0,0
9789766382230,Carlong: Mathematics for Caribbean Examinations,Conrad Archie,4600.0,5
9781732836921,Cheetah Primary Exit Profile (PEP) Math Practice Questions Grade 6 Volume 2,Ornella Bell / Nadine Brown,3200.0,3
9789768235251,Chemistry A Revision Guide For CSEC,"R. Maharaj, D.Wilson",5420.0,0
9789766485573,Chemistry Explained,Joanne Nazir,8520.0,1
9789766484910,Chemistry for CAPE,Susan Maraj/ Arnold Samai,12200.0,1
9781447952206,Chemistry for CSEC New Edition,C. Remy et al,8715.0,1
9789766484446,Chemistry Lab Manual for CSEC,Judith Beharry,5200.0,1
9780582853195,Chevere! Activity Book 1,Bankay et al,2155.0,2
9780582853201,Chevere! Activity Book 2,Bankay et al,2155.0,0
9780582853218,Chevere! Activity Book 3,Bankay et al,2155.0,1
9780582853225,Chevere! Activity Book 4,Bankay et al,2155.0,1
9781405895842,Chevere! Student's Book 1,Bankay et al,5200.0,0
9781405895853,Chevere! Student's Book 2,Bankay et al,5200.0,0
9780582853171,Chevere! Student's Book 3,Bankay et al,5200.0,1
9780582853188,Chevere! Student's Book 4,Bankay et al,5200.0,0
9780435215194,Children of the Sea,D. Franklyn,3670.0,0
9780435984823,Chispas 1 Second Edition,Martin at al,3575.0,1
9781510478862,Chispas 2 Second Edition,Martin at al,3575.0,1
9781510478886,Chispas 3 Second Edition,Martin at al,3575.0,1
9781510475960,Chispas 4 Second Edition,Martin at al,3575.0,0
9780435984861,Chispas Workbook Level 3,Martin at al,1690.0,1
9781510478909,Chispas Workbook Level 4,Martin at al,1690.0,1
9780003300093,Chron of Narnia: Lion Witch & Wardrobe,,3000.0,1
9789768202390,Civics for Barbados,,1595.0,1
9780582258723,Cloud in My Sky,Sheila Williams,2925.0,0
9780008208134,Collins Biology Workbook for CSEC,Anne Tindale,2385.0,0
9780008276423,Collins Caribbean Student Dictionary,,2470.0,5
COCODI-4549,Collins Concise Dictionary,,5990.0,0
9780008157876,Collins Concise Revision Course CSEC Biology,Anne Tinedale,3572.0,3
9780008157883,Collins Concise Revision Course CSEC Chemistry,Anne Tinedale,3572.0,1
9780008208134,Collins Concise Revision Course CSEC English A,Mike Gould,3572.0,2
9780008541620,Collins Concise Revision Course CSEC Human and Social Biology,,3572.0,1
978-0-00-865463-4,Collins Concise Revision Course CSEC Mathematics,Raphael Johnson,3572.0,0
9780008157890,Collins Concise Revision Course CSEC Physics,Peter Defreitas,3572.0,3
9780008768447,Collins Concise Revision Course SEC Integrated Science,Anne Tindale / Peter DeFreitas,3572.0,1
978-0-00-736980-5,COLLINS CONCISE SPANISH DICTIONARY,,7370.0,0
978-0-00-866705-4,Collins CSEC  Social Studies,,6250.0,0
9780008432003,Collins CSEC Biology,Anne Tinedale,6170.0,1
978-0-00-811601-9,Collins CSEC BIOLOGY WBK,,2350.0,0
978-0-00-811602-6,Collins CSEC CHEMISTRY WBK,,2350.0,0
9780008116033,Collins CSEC Chemistry Workbook,Terry David,2385.0,1
978-0-00-841126-8,Collins CSEC French WB,,2100.0,0
978-0-00-842013-0,Collins CSEC GEO ATLAS SKILLS WB,,2830.0,0
9780008431983,Collins CSEC Human & Social Biology,Anne Tinedale,6170.0,1
9780008304461,Collins CSEC Mathematics,Raphael Johnson,6170.0,1
9780008431976,Collins CSEC Physics - A practice multiple choice questions,Peter DeFreitas,6170.0,1
978-0-00-811603-3,Collins CSEC PHYSICS WBK		978-0-00-811601-9,,2350.0,0
978-0-00-866705,Collins CSEC R Social Studies,,4650.0,0
9780008301576,Collins CSEC Spanish Workbook,,2750.0,0
9780008695194,Collins Easy Learning French Dictionary,,2608.0,1
978-0-00-811951-5,COLLINS EASY LEARNING MANDARIN CHINESE DICTIONARY,,3240.0,0
9780008695200,Collins Easy Learning Spanish Dictionary,,2600.0,0
9780008141806,Collins English Dictionary Pocket Edition,,2150.0,0
978-0-00-820676-5,Collins First Dictionary Age 5+,,2150.0,0
9780008206765,Collins First School Dictionary,,2200.0,0
978-0-00-831272-5,COLLINS FIRST SPANISH DICTIONARY 5+,,1800.0,0
9780008241384,Collins French Dictionary & Grammar,,3250.0,0
9780008183622,Collins French Dictionary Pocket Edition,,2350.0,0
978-0-00-842017-8,Collins Geography for the Caribbean,,4141.0,0
978-0-00-821905-5,Collins Jamaica Dictionary,,2050.0,0
9780008219055,Collins Jamaican School Dictionary,,2200.0,13
9780008399382,Collins Jamaican Student Dictionary,,2470.0,4
9780008212377,Collins Math Dictionary,,2200.0,6
COMADI-6306,COLLINS MATHS DICTINARY AGE 7+,,2200.0,0
9780007457908,Collins Mental Maths 6-7,,1596.0,1
9780008116033,Collins Physics Workbook for CSEC,Terry David,2472.0,15
9780008141790,Collins Pocket English Dictionary & Thesaurus,,2350.0,0
9780008205102,Collins Practice Multiple Choice Questions Cape Chemistry,Jacqueline Marshall,2248.0,1
9789766481100,Collins Practice Multiple Choice Questions CSEC Principles of Accounts,Lennox Francis,4400.0,3
9789769530096,Collins Practice Multiple Choice Questions CSEC Principles of Business,"Carl Herrera, Sheree Bandoo , tevon La Rose & Sherma Noriega",4400.0,0
9780008206789,Collins Primary Dictionary,,2500.0,6
9780008298678,Collins Social Studies Atlas for Jamaica,,2988.0,1
9780008361730,Collins Social Studies Atlas for Jamaica Secondary Workbook,,2150.0,2
978-0-00-841398-9,Collins Social Studies Atlas for Jamaica Student book,,4400.0,0
9780008300241,Collins Social Studies Atlas for Jamaica Workbook,,2150.0,1
9780008413996,Collins Social Studies Workbook 7,,1800.0,1
9780008414009,Collins Social Studies Workbook 8,,1800.0,1
9780008414016,Collins Social Studies Workbook 9,,1800.0,1
9780008241391,Collins Spanish Dictionary & Grammar,,3250.0,0
9780008183653,Collins Spanish Dictionary Pocket Edition,,2350.0,0
9780008241971,Collins Spell Like A Champion,,2500.0,19
9780008214326,Collins Student Atlas for the Caribbean,,4200.0,10
978-0-00-839962-7,COLLINS TWELFTH NIGHT FOR CSEC,,3135.0,0
9789768237545,Colouring The Smart Way,"M. McLean, L. Fearon",1420.0,6
09676102872,Come Back Old Iron Blue,,3395.0,1
9789768237972,Come Let Us Read - An Infant Integrated Reader (Age 5),"M. McLean, L. Fearon",2520.0,12
9780748794737,Communication Tasks for GSAT,Adrian Mandara / Nelson Thornes,1629.0,8
9789769528383,Communication Tasks for GSAT Examination Grade 4-6,Shawn Johnson,1200.0,5
9789766481384,Complete Course in Creative Writing,B. Ninah / K. Ninah,3800.0,1
9789814091237,Composition & Comprehension 1,Harvey Gangadeen,2760.0,1
9789814091244,Composition & Comprehension 2,Harvey Gangadeen,2760.0,1
9789814091220,Composition & Comprehension 3,Harvey Gangadeen,2760.0,1
9789814091251,Composition & Comprehension 4,Harvey Gangadeen,3200.0,1
9789814091268,Composition & Comprehension 5,Harvey Gangadeen,3200.0,8
9789766460037,Composition Practice Book 1,"Alphonso Dow, Lorrain Powell",1600.0,0
9789766460044,Composition Practice Book 2,"Alphonso Dow, Lorrain Powell",1600.0,1
9789766460051,Composition Practice Book 3,"Alphonso Dow, Lorrain Powell",1600.0,1
9789766460068,Composition Practice Book 4,"Alphonso Dow, Lorrain Powell",1600.0,1
9789766460075,Composition Practice Book 5,"Alphonso Dow, Lorrain Powell",1600.0,1
9789768285133,Comprehension Made Simple Level 3,Vidya Maharaj,2600.0,10
COSKFO-6113,Comprehension Skills for the Caribbean Book 1 - Common Entrance Level,Roy Narinesingh,2925.0,1
9780602225186,Comprehension Skills for the Caribbean Book 2 - Common Entrance Level,Roy Narinesingh,2900.0,5
COSKFO-2405,Comprehension Skills for the Caribbean Book 3 - Common Entrance Level,Roy Narinesingh,2925.0,1
9780602226268,Comprehension Skills for the Caribbean Book 4 - Common Entrance Level,Roy Narinesingh,2925.0,1
9789766460655,Comprehensive CXC French,"K. Simmonds, H. Simmonds",5250.0,0
9789766570781,Computer Science for Cape Units 1 &2,,5495.0,1
COSCFO-5702,Computer Science for Primary Schools Book 2,Marion Bramwell,3360.0,0
9780199403783,Computer Whiz: An Introduction to Computers For Grade 1 Third Edition,Sameena Haidermota,1744.0,11
9780199400478,Computer Whiz: An Introduction to Computers For Grade 2 Third Edition,Sameena Haidermota,1744.0,25
9780199400485,Computer Whiz: An Introduction to Computers For Grade 3 Third Edition,Sameena Haidermota,1744.0,26
9780199400492,Computer Whiz: An Introduction to Computers For Grade 4 Third Edition,Sameena Haidermota,1744.0,21
9780199400508,Computer Whiz: An Introduction to Computers For Grade 5 Third Edition,Sameena Haidermota,1744.0,20
COWHAN-5664,Computer Whiz: Introductory for Pre-Primary Third Edition,,1297.0,0
COINAB-8112,Concepts In Ability Test For Grade Five,Courtney D. Harrison,4400.0,4
COINAB-8145,Concepts In Ability Test For Grade Four,Courtney D. Harrison,3400.0,2
COINAB-1368,Concepts In Ability Test For Grade One,Courtney D. Harrison,3400.0,5
COINAB-0099,Concepts In Ability Test For Grade Six,Courtney D. Harrison,4000.0,4
COINAB-2961,Concepts In Ability Test For Grade Three,Courtney D. Harrison,3400.0,6
COINAB-0217,Concepts In Ability Test For Grade Two,Courtney D. Harrison,3400.0,6
COINAB-4458,Concepts In Ability Test For Kindergarten One,Courtney D. Harrison,2800.0,17
COINAB-4566,Concepts In Ability Test For Kindergarten Two,Courtney D. Harrison,3200.0,10
9789769545519,Concepts In Mathematics For The Grade 4 Numeracy Test,Courtney D. Harrison,4000.0,1
CRJAOU-2231,Creating Jamaica: Our Early Years,June Cezair Wallace et al,3600.0,1
9789766481834,Creative Writing for Primary Levels Book 1 - New Edition,Meena Newaskar/ Angela Leu,3320.0,2
9789766481841,Creative Writing for Primary Levels Book 2 - New Edition,Meena Newaskar/ Angela Leu,3320.0,1
9789766481858,Creative Writing for Primary Levels Book 3 - New Edition,Benjamin Lee/ Angela Leu,3320.0,5
9789766481865,Creative Writing for Primary Levels Book 4 - New Edition,Benjamin Lee/ Angela Leu,3320.0,1
9789766481872,Creative Writing for Primary Levels Book 5 - New Edition,Benjamin Lee/ Angela Leu,3320.0,3
9789768235343,"Creative Writing Foundations and Models - Grade 1, Infants 1 and 2",J. Gangoo,2780.0,4
9789768235350,Creative Writing Foundations and Models - Grade 2 (Standard 1),J. Gangoo,2780.0,1
9789768235367,Creative Writing Foundations and Models - Grade 3 (Standard 2),J. Gangoo,2920.0,1
9789768235374,Creative Writing Foundations and Models - Grade 4 (Standard 3),J. Gangoo,2980.0,15
9789768235299,Creative Writing Foundations and Models - Grades 5 and 6 (Standards 4 and 5),J. Gangoo,3750.0,0
CRCRMO-0115,Crick Crack Monkey,Merle Hodges,3515.0,1
CRINTH-4161,Cricket in the Road & Other Stories,M. Anthony,3640.0,1
CSBIEX-9086,CSEC Biology Examination Practice,P. Brandfield et al,7445.0,1
9789766481315,CSEC Chemistry,Susan Maraj/ Low Siew Hsien,10280.0,1
CSCHEX-0340,CSEC Chemistry Examination Practice,Keane Campbell et al,3130.0,1
9789769616608,CSEC English A Handbook with SBA Guide,Andrea Brown-Hill,3000.0,3
9781471879074,CSEC Human & Social Biology Examination Practice,Joanna George-Johnson,4910.0,0
CSINSC-0505,CSEC Integrated Science - The Revision Guide,Ann Fullick et al,3610.0,1
CSENA-1146,CSEC Revision Guide: English A,C. Remy et al,3545.0,1
9781786325686,CSEC Revision Guide: Integrated Science,Terry Hudson,2700.0,1
9798989080854,CURRICULUM REINFORCEMENT THROUGH CURSIVE WRITING GRADE 1,,2400.0,0
9789768185747,Developing Language Skills: An English Course for Caribbean Secondary Schools Book 4,Clifford Narinesingh,6400.0,1
9789769535251,Developing Proficiency in CXC English A,Roy Narinesingh,4720.0,1
9789768237866,Developing Your Skills in Critical Thinking - An Integrated Approach for PEP,L.Channer et al,2800.0,5
9781380072078,Dime Mucho Mas Workbook 3 - Spanish for Caribbean Secondary Schools (2nd Edition),L.Channer et al,2724.0,2
9781380072054,Dime Mucho Workbook 1 - Spanish for Caribbean Secondary Schools (2nd Edition),,2857.0,0
9781380072061,Dime Mucho Workbook 2 - Spanish for Caribbean Secondary Schools (2nd Edition),Sally Seetahal-Mohammed,2857.0,2
9780230411999,Dime Tanto Mas Workbook 4 - Spanish for CSEC Examinations,Sally Seetahal-Mohammed,1456.0,1
DIGE-3486,Discovering Geography,,4800.0,0
9789769643611,Discovering Literacy Grade 4 PEP Ready Edition,Sally Seetahal-Mohammed,3000.0,2
DINUGR-5688,Discovering Numeracy Grade 4 PEP Ready Edition,Shawn Johnson,2800.0,1
9780230428850,Early Birds Numeracy Skills Age 3,Karren Bryant-Mole,1815.0,2
9788225011666,EARLY MATH PREP LEARNING SKILLS  WBK,,1800.0,0
9788225030797,EARLY SCIENCE PREP LEARNING SKILLS WBK,EARLY LEARNER,1800.0,0
9789810621209,Easy Approach to Skills in Geography,Vohn A.M. Rahil,6800.0,6
978-0-00-815161-4,Easy Learning Handwriting  Ages 3-5,,1760.0,0
978-0-00-815162-1,Easy Learning Handwriting Workbook Ages 3-5,,1760.0,0
9780008151461,Easy Learning Handwriting Workbook Ages 5-7,Karren Bryant-Mole,1760.0,12
9780008151423,Easy Learning Handwriting Workbook Ages 7-9,Karina Law,1760.0,19
9789769553606,Easy Pass for GSAT Language Arts Grade 4 to 6,Courtney D. Harrison,3400.0,2
EAPAVE-3511,Easy Pass Verbal Ability Test for PEP-Strand by Strand Grade 6,Courtney D. Harrison,4000.0,1
9789766130657,Easy Steps in Creative Writing Book 1,W. Lutchmansingh / S. Mathura,2350.0,3
9789766130664,Easy Steps in Creative Writing Book 2,W. Lutchmansingh / S. Mathura,2350.0,9
9789766130671,Easy Steps in Creative Writing Book 3,Marcia Pilgrim,2680.0,12
9789766130688,Easy Steps in Creative Writing Book 4-5,W. Lutchmansingh / S. Mathura,2980.0,21
9789766130633,Easy Steps in Creative Writing Infant 1,W. Lutchmansingh et al,2200.0,1
9789766130640,Easy Steps in Creative Writing Infant 2,W. Lutchmansingh et al,2200.0,7
9789766461027,Easy Steps in Vocabulary Book 1,Alphonso Dow,2150.0,12
9789766461034,Easy Steps In Vocabulary Book 2,Alphonso Dow,2150.0,0
9789766461041,Easy Steps In Vocabulary Book 3,Alphonso Dow,2150.0,0
9789766461058,Easy Steps In Vocabulary Book 4,Alphonso Dow,3185.0,3
9789766461034,Easy Steps In Vocabulary Infant 1,Alphonso Dow,2150.0,8
9788120751996,Easy way to computer studies for primary schools book 1,,2795.0,6
9788120752009,Easy way to computer studies for primary schools book 2,,2895.0,9
9788120752016,Easy way to computer studies for primary schools book 3,,2895.0,10
9788120752603,Easy way to computer studies for primary schools book 4,,3095.0,8
9788120752610,Easy way to computer studies for primary schools book 5,Alade et al,3095.0,6
9788120752627,Easy way to computer studies for primary schools book 6,,3095.0,7
9788120758254,Easy way to computer studies for Secondary Schools Book 1,,2995.0,1
9788120758810,Easy way to computer studies for Secondary Schools Book 2,,2995.0,1
9788120758827,Easy way to computer studies for Secondary Schools Book 3,,2995.0,1
9781408516430,Economics for CSEC: A CXC Study Guide,Peter Clavery,5200.0,2
978976245854,Education’s Missing Link: Parental Engagement,,3595.0,0
9789768245786,Effective Communication Your Language Arts Resource Book for PEP Candidate Grades 5 & 6,Dr. Adrian Mandara,3895.0,2
9789768245304,Electronic Document Preparation and Management Workbook for CSEC,,4995.0,1
9780099413127,Emil and the Detectives,Erich Kastner,1774.0,6
EMANCO-8166,Empires and Conquests,John Gilmore et al,5495.0,1
9780748785346,English Alive! Book 3,Alan Etherton,5700.0,1
9789768210227,English For All CSEC Level,Roy Narinesingh & Bhadase Seethal-Maraj,5680.0,3
9789769630802,English For All Grade 7 - Revised Edition,Roy Narinesingh & Bhadase Seethal-Maraj,5480.0,3
9789769630819,English For All Grade 8 - Revised Edition,Roy Narinesingh & Bhadase Seethal-Maraj,5480.0,3
9789769630826,English For All Grade 9 - Revised Edition,Roy Narinesingh & Bhadase Seethal-Maraj,5580.0,1
9781380010209,English Matters for Jamaica 2nd Edition Grade 7 Student's Book,Alan Etherton,5905.0,3
9781380018038,English Matters for Jamaica 2nd Edition Grade 7 Workbook,,2796.0,0
9781380011626,English Matters for Jamaica 2nd Edition Grade 8 Student's Book,Julia Sander,5905.0,2
9781380011633,English Matters for Jamaica 2nd Edition Grade 9 Student's Book,Julia Sander,5905.0,2
9789812089694,English The Basics,Toh Weng Choy & Phyllis Chew,5200.0,1
9789766484071,Environmental Science for the Caribbean Units 1 & 2 Revised Edition,Navindra Ramsaroop,11400.0,1
9789766483210,Environmental Science Solution with MCQ Tests,Navindra Ramsaroop,6440.0,1
9781398307766,Escape to Last Man Peak,Jean D'Costa,3640.0,10
ESPROF-2166,Essential Principles of Business For CSEC 4th Edition,Alan Whitcomb,7370.0,1
9789766461140,Essential Revision Exercises for CSEC Spanish,"J. Kanhai-Winter, Sargent, Ramcharitar",5320.0,1
9789769528307,Essential Vocabulary for GSAT,Shawn Johnson,2850.0,10
9789768202451,Every Student's Handbook,,1995.0,1
9780195553130,Everyday Spelling Book 1 (Oxford Essential Skills),Elske Brown,1498.0,4
9780195553147,Everyday Spelling Book 2 (Oxford Essential Skills),Elske Brown,1498.0,3
9781035146499,Explore Maths for the National Standards Curriculum Student's Book 4,Tony Cotton,4020.0,9
9781035146505,Explore Maths for the National Standards Curriculum Student's Book 5,Tony Cotton,4020.0,3
9781035146529,Explore Maths for the National Standards Curriculum Student's Book 6,Tony Cotton,4020.0,9
9781035146482,Explore Maths for the National Standards Curriculum Workbook 4,Lisa GreenStein,3006.0,2
9781035146512,Explore Maths for the National Standards Curriculum Workbook 5,Lisa GreenStein,2937.0,0
9781035146536,Explore Maths for the National Standards Curriculum Workbook 6,Lisa Greenstein,3006.0,4
9780008353353,"Exploring Biology, Chemistry and Physics: Grade 9 for Jamaica",,4630.0,1
978-0-00-835336-0,"Exploring Biology, Chemistry and Physics: Grade 9 for Jamaica WB",,2350.0,0
9781408276686,Exploring Geography Book 1,J.O'Sullivan et al,3950.0,4
EXGEBO-2511,Exploring Geography Book 2,Viviene Smart et al,3950.0,1
9780008252083,Exploring Physics Workbook 9,Marlene Grey-Tomlinson,1910.0,2
9780008263270,Exploring Science Student Book 7,,4630.0,1
9780008263287,Exploring Science Student Book 8,,4630.0,1
9780008263300,Exploring Science Workbook 7,,2472.0,3
9780008263317,Exploring Science Workbook 8,Derek McMongale,2472.0,8
9789769550971,Exploring Social Studies Workbook for Grade 8 NSC Ready,Bridgette Williams,4100.0,7
9789766130473,Extra Lessons in Mathematics Second Edition,L. van Druten,4150.0,0
FAANRE-8428,Family and Resource Management For Caribbean Students,Vivene Robinson et al,4450.0,1
FIAIIN-1800,First Aid in Mathematics Colour Edition,Robert Sulley,3575.0,1
9780435121006,First Aid in Spelling,Jan Gallow et al,3545.0,4
9789769560710,First Choice Computer Studies Workbook 6,Lisa N. Hibbert-Wynter,2400.0,1
9789766571252,For Her Son - School Edition,,2395.0,0
9781250765307,For The Life Of Laetitia,Merle Hodge,3600.0,4
9789766484700,For The Life Of Laetitia Notes A Study Aid for CSEC,Firishta A. Hosein,1600.0,0
9789768235145,Foundation Mathematics Infant Book 1,L. Van Druten,1020.0,0
9789768235152,Foundation Mathematics Infant Book 2,L. Van Druten,1020.0,3
FOMAIN-3705,Foundation Mathematics Infant Book 3,L. Van Druten,1050.0,0
9789768235169,Foundation Mathematics Infant Book 4,L. Van Druten,1020.0,3
9781510436701,Freedom and Change,John Gilmore et al,5495.0,2
9780521435451,"Freedoms Won: Caribbean Emancipations, Ethnicities & Nationhood",Hilary McD. Beckles,4000.0,1
9780333996485,Full Circle: Rami Johnson Story,C. Everald Palmer,3899.0,1
9789768237804,Fun With Colours,"M. McLean, L. Fearon",1420.0,8
9789768237460,Fun With Language Arts An Infant Integrated Workbook,M. McLean,2400.0,7
FUWIPH-0208,Fun with Phonics Consonant Blends 2nd Edition,Gwen Gbedemah,2800.0,1
9789768010919,Fun with Phonics Consonants 2nd Edition,Gwen Gbedemah,2800.0,12
9789766383367,Fun with Phonics Skill building 2nd Edition,Gwen Gbedemah,2800.0,11
FUWIPH-5912,Fun with Phonics Vowels 2nd Edition,Gwen Gbedemah,2800.0,3
FUWISP-1772,Fun with Spanish (Level 1),9789768327017,1900.0,21
97897683270,Fun with Spanish (Level 2),"M. McLean, L. Fearon",1900.0,9
9781907604270,Fun with Words,,478.8,1
9789769575837,Funtastic French Book 1,Dionne C. Wright,3195.0,3
9789769575844,Funtastic French Book 2,Dionne C. Wright,3195.0,3
9789766460181,"Further Exercises In Vocabulary By Harry Subnaik, Mitra Rajnauth",Charran Publishers,3550.0,3
9789766381141,Gateway to Literacy Carlong Integrated Assessment Papers Language Arts Year 1,Hyacinth Bennett,2200.0,5
9789766381165,Gateway to Literacy Carlong Integrated Assessment Papers Language Arts Year 2,Hyacinth Bennett,2200.0,6
9789766381387,Gateway to Literacy Carlong Integrated Assessment Papers Language Arts Year 3,Hyacinth Bennett,2300.0,7
9789766380922,Gateway to Literacy Carlong Integrated Assessment Papers Language Arts Year 4,Hyacinth Bennett,2500.0,9
9789766381127,Gateway to Literacy: Carlong Literacy Skills New Edition,"Ferguson, Slater",2500.0,6
9789766381158,Gateway to Numeracy Carlong Integrated Assessment Papers Mathematics Year 1,Hyacinth Bennett,2200.0,6
9789766381172,Gateway to Numeracy Carlong Integrated Assessment Papers Mathematics Year 2,Hyacinth Bennett,2200.0,10
9789766381394,Gateway to Numeracy Carlong Integrated Assessment Papers Mathematics Year 3,Hyacinth Bennett,2300.0,10
9789766381073,Gateway to Numeracy Carlong Integrated Assessment Papers Mathematics Year 4,Hyacinth Bennett,2500.0,10
9789766381196,Gateway to Numeracy: Carlong Numeracy Skills,Ferguson-Slater,2500.0,7
9789768202864,Geography Workbook for CSEC,Deroll A. Barrett,4195.0,0
9789768202833,Geography Workbook for First Form,Deroll A. Barrett,3695.0,9
9789768202840,Geography Workbook for Second Form,Deroll A. Barrett,3695.0,3
9789768202857,Geography Workbook for Third Form,Deroll A. Barrett,3695.0,6
9781338744842,Get Ready for Kindergarten Jumbo Workbook,,2500.0,0
9781338531848,Get Ready for Pre-K - My World Extra Big Skills Workbook,,1400.0,0
9781338531831,Get Ready for Pre-K Extra Big Skills Workbook - First Letters and Phonics,,1550.0,0
GERETO-6624,"Get Ready to Learn: An Integrated Workbook for 3 Year Olds, Terms 1, 2 & 3",Joan Lewis,2000.0,0
GERETO-6389,"Get Ready to Learn: An Integrated Workbook for 4 Year Olds - People in Our Community, Term 3",,1650.0,0
GERETO-6840,"Get Ready to Learn: An Integrated Workbook for 4 Year Olds, Term 1 - Celebrating Me, Celebrations",Joan Lewis et al,1650.0,0
9789766060350,"Get Ready to Learn: An Integrated Workbook for 4 Year Olds, Term 2 - Plants & Transportation",Joan Lewis et al,1650.0,3
GERETO-4838,"Get Ready to Learn: An Integrated Workbook for 4 Year Olds, Term 3 - Jamaica Land We Love",Joan Lewis et al,1250.0,3
9789766060480,"Get Ready to Learn: An Integrated Workbook for 5 Year Olds, Term 1 - Our Country Jamaica, One People",Joan Lewis,1650.0,5
9789766060459,"Get Ready to Learn: An Integrated Workbook for 5 Year Olds, Term 2 - Transportation",Joan Lewis,1650.0,5
9789768237910,Getting Ready to Read: An Infant Integrated Reader,"M. McLean, L. Fearon",2400.0,21
9781338894363,Giant Kindergarten Workbook Scholastic Early Learners (Giant Workbook),,1900.0,0
GLCHOW-3366,Gleaner Children's Own Spelling Bee Sample Word List,,1680.0,4
9789768237811,Grade 1 Integrated Critical Thinking Workbook (Steps to PEP),L.Fearon et al,2400.0,3
9789789768233,Grade 1 Integrated Language Arts Workbook (Steps to PEP),L.Fearon,2400.0,27
9789768237675,Grade 1 Integrated Mathematics Workbook (Steps to PEP),"M. McLean, L. Fearon",2580.0,33
9789768237651,Grade 1 Integrated Phonics Workbook (Steps to PEP),"L. Fearon, C. Campbell",2580.0,43
9789768237583,"Grade 1 Integrated Studies Workbook – Home, School, Environment, Colors, Shape and Sounds (Steps to PEP)",L.Fearon et al,2640.0,36
9789768237828,Grade 2 Integrated Critical Thinking Workbook (Steps to PEP),L.Fearon et al,2540.0,39
9789768237976,Grade 2 Integrated Language Arts Workbook (Steps to PEP),L.Fearon et al,2700.0,30
978976823732,Grade 2 Integrated Mathematics Workbook (Steps to PEP),L.Fearon et al,2580.0,48
9789768237774,Grade 2 Integrated Phonics Workbook (Steps to PEP),L.Fearon et al,2580.0,52
9789768237033,"Grade 2 Integrated Studies Workbook - People, Places & Things in the Community (Steps to PEP)",L.Fearon et al,2820.0,21
9789768288011,Grade 3 Integrated Critical Thinking Workbook (Steps to PEP),K. Marks-Dixon,2660.0,11
9789769536623,Grade 3 Integrated Language Arts Workbook Revised Edition  (Windows to PEP),M. O. Powell,3950.0,17
9789769536609,Grade 3 Integrated Mathematics Workbook Revised Edition (Windows to PEP),M. O. Powell,3950.0,3
9789768288004,Grade 3 Integrated Phonics Workbook (Steps to PEP),K. Marks-Dixon,2660.0,28
9789769536647,Grade 3 Integrated Practice Papers Revised Edition (Windows to PEP),M.O Powell,3950.0,12
9789768218377,Grade 3 Integrated Studies Workbook,Keri Marks-Dixon,2660.0,44
9789769632417,Grade 4 Integrated Critical Thinking Workbook (Pathway to PEP),"G. Harper, D. Ellis",3000.0,27
9789769632929,Grade 4 Language Arts for Life,,2900.0,6
9789769632950,Grade 4 Mathematics for Life,,2900.0,3
9789768237835,Grade 6 New Integrated Approach Language Arts Workbook for PEP,L.Channer et al,3466.0,22
9789768237842,Grade 6 New Integrated Approach Mathematics Workbook for PEP,L.Channer et al,3466.0,7
9789768237859,Grade 6 New Integrated Approach Science Workbook for PEP,L.Channer et al,3466.0,11
9789768298003,Grade 6 New Integrated Approach Social Studies Workbook for PEP,L.Channer et al,3466.0,36
9789769667907,Grade Six (6) Ability Test Workbook Medix Math Studios,,3800.0,3
9780175664368,Grade Six Achievement Test Science and Social Studies,,1900.0,0
GRASTE-1483,Graded Assessment Tests English 1,Cecil Grey et al,2155.0,3
GRASTE-9590,Graded Assessment Tests English 2,Cecil Grey et al,2155.0,3
9780582050259,Graded Assessment Tests English 3,Cecil Grey et al,2155.0,2
GRASTE-9339,Graded Assessment Tests English 4,Cecil Grey et al,2155.0,3
9789766481476,Grammar Plus,Anne Seaton / Rosalind Fergusson,5600.0,9
GRMY-4043,Greek Myths,G.McCaughrean,4645.0,3
9781398307773,Green Days by the River,M. Anthony,3640.0,16
9780230407329,GSAT Grade Six Revision Topics & Achievement Tests for Jamaica English,June Livingston / Molly Russell,1689.0,2
9780333956755,GSAT Grade Six Revision Topics & Achievement Tests for Jamaica Social Studies,Vinette Percy et al,1978.0,0
9780435989248,Harriet's Daughter,Marlene Phillip,3640.0,5
9780230431744,Health & Family Life Education for Primary Level Activity Book 1,Mavis Fuller et al,1368.0,3
9780230431782,Health & Family Life Education for primary level Activity Book 3,Mavis Fuller et al,1368.0,2
9780230431751,Health & Family Life Education for primary level Student's Book 2,Mavis Fuller et al,2242.0,8
9780230431775,Health & Family Life Education for primary level Student's Book 3,Mavis Fuller et al,2242.0,11
9780230431829,Health & Family Life Education for primary level Student's Book 5,Mavis Fuller et al,2261.0,1
9780230431843,Health & Family Life Education for primary level Student's Book 6,Mavis Fuller et al,2559.0,2
HEANFA-8575,Health and Family Life Education Activity Book 1,,2559.0,0
HEANFA-3723,Health and Family Life Education Activity Book 2,,2400.0,0
HEANFA-3879,Health and Family Life Education Activity Book 3,,2400.0,0
HEANFA-5944,Health and Family Life Education Student's Book 3,,4200.0,0
9780435983147,Heinemann Chemistry for CSEC,Cheryl Remy,5755.0,1
9781408229323,Heinemann Information Technology for CSEC,Mary Reid et al,7645.0,1
9789814023634,High School Student's Companion,OH Teik Bin,4400.0,3
HIOFJA-0119,History of Jamaica,Clinton Black,5000.0,3
9768202157,History of Religions in the Caribbean,,2395.0,3
9781444150247,Hodder Comprehension for Jamaica Book 1,J. Cunningham,3315.0,5
9781444150254,Hodder Comprehension for Jamaica Book 2,J. Cunningham,3315.0,5
HOCOFO-1780,Hodder Comprehension for Jamaica Book 3,J. Cunningham,3315.0,3
9781444150278,Hodder Comprehension for Jamaica Book 4,J. Cunningham,3315.0,6
9781444150285,Hodder Comprehension for Jamaica Book 5,J. Cunningham,3315.0,1
HOCOFO-6830,Hodder Comprehension for Jamaica Book 6,J. Cunningham,3315.0,3
9781927395578,Hola Spanish Book 1,Schoolers,2809.0,0
9781927395592,Hola Spanish Book 2,Scholastic,2809.0,0
9781927395684,Hola Spanish Book 3,Schoolers,2809.0,1
HOSPBO-8530,Hola Spanish Book 4,Schoolers,2809.0,0
9781927395943,Hola Spanish Book 5,Schoolers,2809.0,1
9781927395783,Hola Spanish Book 6,Schoolers,2809.0,23
HOSPIN-2908,Hola Spanish Infant 1,Schoolers,2125.0,0
9781927395257,Hola Spanish Infant 2,Schoolers,2125.0,1
9789769523333,Hold My hand Pre-Writing Activity Book,,1500.0,3
9789766060046,Home Economics for Caribbean Schools: CXC Food & Nutrition: A Two Year Course 4th Edition,H. Glen,6580.0,1
9781405011914,Home Economics for CSEC Examinations: Clothing & Textiles,Rita Dyer,4900.0,1
9781405012065,Home Economics for CSEC Examinations: Management,Rita Dyer,4800.0,2
HOSP-7320,Hot Spot,Basil Dawkins,3780.0,3
9789766381783,How Smart Are You? Reasoning and Problem-Solving,B.B Anders & S. Bennett,1600.0,2
HUSO-6505,Human & Social Biology for CSEC New edition,Ann Fullick et al,7445.0,3
9789769685642,I CAN TOO - An Integrated Colouring Activity Book For the Two Year Old,C. Campbell et al,1570.0,6
9789769685611,I CAN TOO - An Integrated Mathematics Activity Book For the Two Year Old,C. Campbell et al,2030.0,6
ICATO-4335,I CAN TOO - An Integrated Phonics Activity Book for the Two Year Old,C. Campbell et al,2030.0,3
ICATO-7644,I CAN TOO - An Integrated Reader For the Two Year Old,C. Campbell et al,1930.0,3
9789769685638,I CAN TOO - An Integrated Studies Activity Book For The Two Year Old,C. Campbell et al,2030.0,5
9789768237958,Infant Integrated Mathematics Workbook 1,Maureen McLean,2400.0,7
9789768237965,Infant Integrated Mathematics WorkBook 2,"M.Miles, C. Campbell",2580.0,23
9789768237903,Infant Integrated Mathematics WorkBook 3,"M. McLean, L. Fearon",2580.0,13
9789768237873,Infant Integrated Phonics Workbook 1,Maxine Miles et al,2400.0,16
9789768237880,Infant Integrated Phonics Workbook 2,"M. McLean, L. Fearon",2580.0,25
9789768237897,Infant Integrated Phonics Workbook 3,"M. McLean, L. Fearon",2580.0,9
9789768237927,Infant Integrated Studies Workbook 1,Maureen McLean et al,2400.0,5
9789768237934,Infant Integrated Studies Workbook 2,"M. McLean, L. Fearon",2680.0,11
9789768237941,Infant Integrated Studies Workbook 3,"M. McLean, L. Fearon",2680.0,9
9789768245588,Information Technology  for CSEC Examination (Revised Edition),Dr. O'Neil Duncan,3295.0,3
9789768245557,Information Technology and Computer Science for CAPE and College Students,,5495.0,3
9789768245793,Information Technology for Secondary Schools Grade 7-9,,4495.0,3
9789768245335,Inner City Girl - School Edition,,3195.0,10
9789768245670,Inner City Girl 2: Other Rivers to Cross,,3195.0,0
9789768237064,Integrated Reader 1,L.Fearon et al,2660.0,33
9789768237071,Integrated Reader 2,L.Fearon et al,2660.0,48
9789769782426,Integrated Reader 3 Revised Edition,M.O Powell,3950.0,20
INSCFO-8311,Integrated Science for Jamaica Book 1,David Sang et al,4225.0,3
INSCFO-1910,Integrated Science for Jamaica Book 2,David Sang et al,4225.0,3
INSCFO-7214,Integrated Science for Jamaica Book 3,David Sang et al,4225.0,3
INSCFO-4098,Integrated Science for Jamaica Grade 7 (4th Edition),,2473.0,0
INSCFO-3575,Integrated Science for Jamaica Grade 8 (4th Edition),,2951.0,0
INSCFO-5270,Integrated Science for Jamaica Grade 9 (4th Edition),,3250.0,0
INSCFO-4791,Integrated Science for Jamaica Workbook 1,David Sang et al,2480.0,3
INSCFO-2357,Integrated Science for Jamaica Workbook 2,David Sang et al,2480.0,3
INSCFO-0999,Integrated Science for Jamaica Workbook 3,David Sang et al,2480.0,3
9781380023360,Integrated Science for Jamaica WorkBook Grade 7 (4th Edition),Tanya Chung,2473.0,11
9781380023391,Integrated Science for Jamaica WorkBook Grade 8 (4th Edition),Tania Chung,2473.0,9
9781380023421,Integrated Science for Jamaica WorkBook Grade 9 (4th Edition),Tania Chung,2559.0,9
9798988786542,Integrated Studies Grade 1,Shalette Ashman,4200.0,3
INSTGR-5188,Integrated Studies Grade 2,Shalette Ashman,4200.0,0
INSTGR-0600,Integrated Studies Grade 3,9798988786559,4200.0,0
INWIIN-4503,Interact with Information Technology Active Book 1: New Edition,Roland Birbal et al,5730.0,3
9781510473973,Interact with Information Technology Active Book 2: New Edition,Roland Birbal et al,5730.0,0
INWIIN-8206,Interact with Information Technology Active Book 3: New Edition,Roland Birbal et al,5730.0,3
INALPL-3228,Interactive Alphabet Playdough Workbook,,3350.0,0
INMAPL-1372,Interactive Mathematics Playdough Workbook,,3600.0,0
9789769560536,"Introducing Literature - Fundamanetals of Poetry, Prose and Drama",J Ann Jackson,2500.0,3
INSCFO-5199,Investigating Science for Jamaica: Integrated Science Grade 7,,7768.0,0
INSCFO-4453,Investigating Science for Jamaica: Integrated Science Grade 7 Workbook,J. Mitchelmore,3936.0,0
INSCFO-2804,Investigating Science for Jamaica: Integrated Science Grade 8,,7768.0,0
9780198426875,Investigating Science for Jamaica: Integrated Science Grade 8 Workbook,J. Mitchelmore,3936.0,2
INSCFO-0844,Investigating Science for Jamaica: Integrated Science Grade 9,,7768.0,0
9780198426882,Investigating Science for Jamaica: Integrated Science Grade 9 Workbook,J. Mitchelmore,3936.0,4
ISPRIN-3107,Island Princess in Brooklyn,Diane Browne,1500.0,3
ISVO-3205,Island Voices,,3545.0,3
JAMACO-7512,Jamaica Maths Connect Workbook 2,Benita Byer Bowen et al,2600.0,3
9780435044220,Jamaica Maths Connect Workbook 3,Karren Morrison,2600.0,2
JAPRLA-9266,Jamaica Primary Language Arts NSC Edition Book 2,Diana Anyakwo et al,3575.0,3
9781398352919,Jamaica Primary Language Arts NSC Edition Book 3,Jennifer Peek et al,3575.0,5
JAPRLA-9600,Jamaica Primary Language Arts NSC Edition Book 4,Jennifer Peek et al,3575.0,3
9781398356290,Jamaica Primary Language Arts NSC Edition Book 5,Daphne Paizee et al,3575.0,10
JAPRLA-5617,Jamaica Primary Language Arts NSC Edition Book 6,Josh Lury et al,3800.0,3
9781398327641,Jamaica Primary Mathematics Book 1 NSC Edition,Lisa Greenstein,3420.0,11
9781398327658,Jamaica Primary Mathematics Book 2 NSC Edition,Lisa Greenstein,3420.0,4
9781398327665,Jamaica Primary Mathematics Book 3 NSC Edition,Lisa Greenstein,3420.0,2
9781398327672,Jamaica Primary Mathematics Book 4 NSC Edition,Kerry Saadien,3420.0,19
9781398327689,Jamaica Primary Mathematics Book 5 NSC Edition,Steph King et al,3600.0,12
9781398327696,Jamaica Primary Mathematics Book 6 NSC Edition,Michelle Holgarth,3600.0,14
9781035103553,Jamaica Primary Social Studies Student Book 4 3rd Edition,Mantock / Fendall / Eastland,4495.0,12
9781035103584,Jamaica Primary Social Studies Student Book 5 3rd Edition,Mantock / Fendall / Eastland,4495.0,11
JAPRSO-1771,Jamaica Primary Social Studies Student Book 6 3rd Edition,,4495.0,0
9781035103607,Jamaica Primary Social Studies Workbook 4 3rd Edition,Mantock / Fendall / Eastland,3155.0,9
9781035103584,Jamaica Primary Social Studies Workbook 5 3rd Edition,Mantock / Fendall / Eastland,3155.0,20
9781035103607,Jamaica Primary Social Studies Workbook 6 3rd Edition,Mantock / Fendall / Eastland,3304.0,37
9781844141715,Jolly Dictionary (Hardcover),,3155.0,1
9781844140008,Jolly Dictionary (Paperback),,2970.0,0
9781844142699,Jolly Phonics Activity Book 1 (in print letters),Sara Wernham,1898.0,12
9781844142705,Jolly Phonics Activity Book 2 (in print letters),Sara Wernham,1898.0,19
9781844142712,Jolly Phonics Activity Book 3 (in print letters),Sara Wernham,1898.0,19
9781844141555,Jolly Phonics Activity Book 3 (with stickers),Sara Wernham,1666.0,2
9781844147199,Jolly Phonics Pupil Book 1 (in print letters),Sara Wernham,1375.0,5
9781844141784,Jolly Phonics Pupil Book 2,Sara Wernham,1300.0,3
9781844147205,Jolly Phonics Pupil Book 2 (in print letters),Sara Wernham,1375.0,39
9781835823583,"Jolly Phonics Pupil Book Steps 1, 2, 3 (in print letters)",Sara Wernham,3600.0,5
9781844142620,Jolly Phonics: Grammar 1 Pupil Book,Sara Wernham,1875.0,2
9781844143894,Jolly Phonics: Grammar 2 Pupil Book,Sara Wernham,1875.0,10
9781844144051,Jolly Phonics: Grammar 3 Pupil Book,Sara Wernham,2135.0,1
9781903619476,Jolly Phonics: Level 1 Reader - Inky Mouse & Friends,Sara Wernham,1500.0,9
9789766060534,Journeys in Literacy for Juniors - Developing Writing Skills,F. Elliot-Walker,3050.0,8
JPSOST-7562,JPH Social Studies for Primary Schools – Grade 4,Claudia McLean et al,1000.0,3
JPSOST-3416,JPH Social Studies for Primary Schools – Grade 5,Claudia McLean et al,1500.0,3
JPSOST-0691,JPH Social Studies for Primary Schools Grade 4,,1500.0,0
9789766060343,JPH: Electronic Document Preparation and Management for Caribbean Schools,Jannett Foster,6140.0,1
9768184655,Juicebox and Sandals,,1595.0,3
9781408276945,Julius Caesar (CSEC Student Edition),William Shakespeare,3220.0,7
9781338169447,Jumbo Book of Kindergarten Fun Workbook,,1900.0,0
9781408521007,Just Click for Jamaica Student's Book 2nd Edition,Alison Page et al,6000.0,1
9789768245762,Just Think Ability Test Grades 5 & 6,Alison Page et al,3895.0,17
9789768245946,Just Think Performance Task Grade 4 for the Primary Exit Profile (PEP) Examination,,3895.0,21
97897665770774,Just Think Performance Task Grade 5 for the Primary Exit Profile (PEP) Examination,,3895.0,2147483647
9789768245809,Just Think Performance Task Grade 6 for the Primary Exit Profile (PEP) Examination,Christine Fearon Levene,3895.0,15
9781338531886,Kindergarten Extra Big Skills Workbook - Math Practice,,1400.0,0
9781338531879,Kindergarten Extra Big Skills Workbook - Writing and Spelling,,1400.0,0
9788225011673,Kindergarten Prep Learning Skills Workbook,,1800.0,0
9766105650,King Mirodas of Boar Piece,,3395.0,0
9789766483562,Language Arts Drill & Practice,Alicia J. McLean,4960.0,3
9789766481377,Language Arts Revision for Upper Primary Students,B. Ninah / K. Ninah,3680.0,3
9781035121915,Language Tree Jamaica 3rd Edition Student's Book 4,Leonie Bennett / Julia Sander,4048.0,8
9781035121946,Language Tree Jamaica 3rd Edition Student's Book 5,Leonie Bennett / Julia Sander,4048.0,9
9781035121977,Language Tree Jamaica 3rd Edition Student's Book 6,Leonie Bennett / Julia Sander,4048.0,24
9781035119431,Language Tree Jamaica 3rd Edition Workbook 1,Leonie Bennett / Julia Sander,3006.0,29
9781035119448,Language Tree Jamaica 3rd Edition Workbook 2,Leonie Bennett / Julia Sander,3006.0,21
9781035119455,Language Tree Jamaica 3rd Edition Workbook 3,Leonie Bennett / Julia Sander,3006.0,8
9781035121922,Language Tree Jamaica 3rd Edition Workbook 4,Leonie Bennett / Julia Sander,3304.0,17
9781035121953,Language Tree Jamaica 3rd Edition Workbook 5,Leonie Bennett / Julia Sander,3496.0,0
9781035121984,Language Tree Jamaica 3rd Edition Workbook 6,Leonie Bennett / Julia Sander,3304.0,84
978-976-827766-4,LEAP INTO HISTORY TB 1,,4500.0,0
978-976-827766-4,LEAP INTO HISTORY TB 2,,4500.0,0
978-976-827766-4,LEAP INTO HISTORY TB 3,,4500.0,0
978-976-827766-4,LEAP INTO HISTORY WB 1,,2714.0,0
978-976-97078-1-8,LEAP INTO HISTORY WB 2,,2714.0,0
978-976-827766-4,LEAP INTO HISTORY WB 3,,2714.0,0
978-976-97078-3-2,LEAP INTO SOCIAL STUDIES TB 1,,4500.0,0
978-976-97078-2-5,LEAP INTO SOCIAL STUDIES TB 2,,4500.0,0
978-976-97078-3-2,LEAP INTO SOCIAL STUDIES TB 3,,4500.0,0
9789766060237,Leaps and Bounds in Literacy An Integrated Approach Workbook 4 (Developing Grammar),F. Elliot-Walker,1200.0,15
9789766060329,Leaps And Bounds In Literacy An Integrated Approach Workbook 5 Adventures & Exploration in English,F. Elliot-Walker,2100.0,37
9789766060527,Leaps and Bounds in Literacy for Juniors: The New Integrated Comprehensive Workbook for Grade 4 (Reading and Comprehension Skills),F. Elliot-Walker,3050.0,10
9789768014054,Learning Can Be Fun,L.A. Jean-Baptiste,4360.0,3
9789810713614,Learning Express Addition L1,,625.0,0
978981071348,Learning Express Alphabet & Handwriting K1,,625.0,0
9789810713539,Learning Express Alphabet & Handwriting K2,,625.0,0
9789814629706,Learning Express Family and Friends K1,,625.0,0
9789810713515,Learning Express Numbers 1 to 10 K1,,625.0,0
9789810713560,Learning Express Numbers 1 to 20 K2 Mathematics Ages 5-7,Scholastic,1000.0,7
9789810713553,Learning Express Reading Skills K2 English Ages 5-6,Scholastic,1000.0,8
9789768237453,Learning Spanish The Smart Way (Level 4),L.Fearon et al,1960.0,14
9789768237507,Learning To Colour,"M. McLean, L. Fearon",1320.0,2
9789768237699,Learning to Write The Smart Way,M. McLean,1872.0,7
LEYOFO-1458,Lest You Forget: Adjustments to Emancipation,D. Hamilton-Willie,1800.0,3
LEYOFO-0578,Lest You Forget: Caribbean Economy and Slavery,D. Hamilton-Willie,1900.0,3
LEYOFO-9320,Lest You Forget: Indigenous Peoples & the Europeans,D. Hamilton-Willie,1800.0,3
LEYOFO-0191,Lest You Forget: Movements Towards Emancipation,D. Hamilton-Willie,1900.0,3
LEYOFO-9986,Lest You Forget: Movements Towards Independence,D. Hamilton-Willie,1900.0,3
LEYOFO-7452,Lest You Forget: Resistance & Revolt,D. Hamilton-Willie,1800.0,3
LEYOFO-9504,Lest You Forget: The United States in the Caribbean,D. Hamilton-Willie,1900.0,3
9789766380892,"Let Us Sing: Hymns, Songs & Choruses For Caribbean Schools",Godfrey Taylor et al,2200.0,6
9789766382049,Let's Learn to Write Cursive,Janet P. Lewis,1500.0,11
LELETO-0528,Let's Learn to Write Script,Janet P. Lewis,1500.0,3
9781534886377,Let's Learn Together - An Integrated Spelling Book K3 & Up,G. R White,3300.0,10
9781534885752,Let's Learn Together - Back to Basic Mathematics K2,G.R. White,2870.0,20
9798989080885,Let's Learn Together - Big and Bold Colouring Book 1,,1200.0,11
LELETO-0833,Let's Learn Together - Big and Bold Colouring Book 3,,1470.0,0
9781717175953,Let's Learn Together - Come Read with Me K3,J.E. White,2640.0,17
9781533219138,Let's Learn Together - Infant Mathematics K1,G.R. White,2440.0,19
978 1534885783,Let's Learn Together - Infant Phonics Book 2 K2,J.E. White,2870.0,15
978 1533219053,Let's Learn Together - Infant Phonics K1,J.E. White,2640.0,33
978 1534884625,Let's Learn Together - Infant Phonics K3,,3000.0,25
9798989080892,Let's Learn Together - Integrated Thematic Colouring Book K2,J.E. White,2440.0,3
978 1533216649,Let's Learn Together - Integrated Thematic Workbook K2,J.E. White,3000.0,3
9781534884021,Let's Learn Together - Jumbo Colouring 123 Pre-K,G.R. White,2240.0,17
9781534885097,Let's Learn Together - Jumbo Colouring ABC Pre-K,J.E. White,2240.0,15
9781534886278,Let's Learn Together - Jumbo Infant Mathematics K3,G.R. White,3000.0,19
9781725032309,Let's Learn Together - Kindergarten Writing Practice K2,G.R. White,1100.0,17
9781987530728,Let's Learn Together - Language Arts K3,J.E. White,2640.0,14
LELETO-0368,Let's Learn Together - Our Island Jamaica Integrated Thematic Workbook 2 - K3,J.E. White,3000.0,18
9781542619370,Let's Learn Together - Our Island Jamaica Me and My World K1,J.E. White,2440.0,30
9781542619295,Let's Learn Together - Our Island Jamaica Me and My World Pre-K,J.E. White,2340.0,6
978 1987530605,Let's Learn Together - Reading and Activity Book 2 K2,G.R. White,2340.0,5
978 1542629515,Let's Learn Together - Reading and Activity My First Words K1,G.R. White,2340.0,5
9781534885868,Let's Learn Together - Reading and Comprehension K2,J.E. White,2340.0,14
9781523360628,Let's Learn Together - Reading and Comprehension K3,J.E. White,2340.0,23
978 1534886544,Let's Learn Together - Spanish K3 Level 2,,2340.0,16
978 1987530827,Let's Learn Together - Spanish Level 1 K2,,2340.0,32
LESTTO-5706,Let's STEM Together Secondary Resource Book for Biology,,2670.0,0
LESTTO-3039,Let's STEM Together Secondary Resource Book for Chemistry,,2670.0,0
LESTTO-1725,Let's STEM Together Secondary Resource Book for Mathematics,,2670.0,0
LESTTO-8643,Let's STEM Together Secondary Resource Book for Physics,,2670.0,0
LEHO-0882,Letters Home,Paulette Ramsay,3640.0,3
9789768192851,Level 1 Geography,Carrol Myers,4080.0,3
9789768192868,Level 2 Geography,Carrol Myers,4080.0,3
9789768192875,Level 3 Geography,Carrol Myers,4080.0,3
9789766109356,Life Lessons: A Personal Development Workbook Grade 7,Karen A. P. McGibbon,1500.0,10
9789766109363,Life Lessons: A Personal Development Workbook Grade 8,Karen A. P. McGibbon,1500.0,4
9789766109370,Life Lessons: A Personal Development Workbook Grade 9,Karen A. P. McGibbon,1500.0,0
9789769572638,Lifting Literacy Developing Comprehension & Writing Skills Workbook 4,Zavier Clarke,2500.0,10
9789769693081,Literacy Concepts: Learning The Short Vowels,Marylin Welsh,3500.0,5
9789769629516,Literacy Links PEP Language Arts (Grade 6 Curriculum Based Test),,2950.0,20
9789769629509,Literacy Links PEP Language Arts (Grade 6 Performance Based Test),Mishelle U. Robertson,2950.0,41
9789769629523,Literacy Links PEP Mathematics (Grade 6 Curriculum-Based Test),,3650.0,10
9789769629530,Literacy Links PEP Mathematics (Grade 6 Performance Based Test,,2950.0,8
9789769579460,Little Stars Colouring Book ABC 123,Barbara Fearon,1000.0,0
9789769579422,Little Stars Jumbo Colouring Book,Barbara Fearon,1000.0,0
9789769579408,Little Stars Jumbo Preschool Workbook,Barbara Fearon,2500.0,3
9789769579477,Little Stars Kindergarten Mathematics 1A,Barbara Fearon,2500.0,0
9789769579439,Little Stars Phonics Workbook 1A,Barbara Fearon,2500.0,19
9789769579491,Little Stars Phonics Workbook 1B,Barbara Fearon,2500.0,0
9798894127873,Little Stars Preschool Letter Tracing Workbook ABC,Barbara Fearon,1500.0,3
9789769579484,Little Stars Preschool Mathematics,Barbara Fearon,2500.0,8
9798894127897,Little Stars Preschool Number Tracing Workbook 123,Barbara Fearon,1500.0,3
9789769579446,Little Stars We Love To Colour,Barbara Fearon,1000.0,0
9789768010649,Live Language: A Writing Comprehension for Juniors Book 1,Eileen Marshall,1800.0,9
LOONTO-3566,Log On to It For CSEC Third Edition,Roland Birbal et al,7000.0,3
LOPRSP-4217,Longman Primary Spanish for the Caribbean: Listos? Workbook 3,Esperanza Luengo-Cervera et al,2155.0,0
LOPRSP-5381,Longman Primary Spanish for the Caribbean: Listos? Workbook 4,Esperanza Luengo-Cervera et al,2245.0,0
LOPRSP-8906,Longman Primary Spanish for the Caribbean: Preparados! Workbook 1,Esperanza Luengo-Cervera et al,2155.0,0
LOPRSP-1747,Longman Primary Spanish for the Caribbean: Preparados! Workbook 2,Esperanza Luengo-Cervera et al,2155.0,0
LOPRSP-1636,Longman Primary Spanish for the Caribbean: Ya! Workbook 5,Esperanza Luengo-Cervera et al,2245.0,0
LOVIAR-4049,Longman Visual Arts For Secondary Schools 2nd Edition,Allan Sieupersad et al,6500.0,3
9780333924105,Macmillan Caribbean Certificate Atlas,Eileen Marshall,5538.0,6
9781380034328,MacMillan Jamaica Social Studies Atlas 3rd Edition,Mantock / Fendall / Eastland,3711.0,4
9780230026117,Macmillan Primary Integrated Reading Scheme for Jamaica: Reggae Readers 1,Louis Fidge,3155.0,6
9780230026179,Macmillan Primary Integrated Reading Scheme for Jamaica: Reggae Readers 2,Louis Fidge,3155.0,11
9780230026230,Macmillan Primary Integrated Reading Scheme for Jamaica: Reggae Readers 3,Louis Fidge,3155.0,8
9780230026124,Macmillan Primary Integrated Reading Scheme for Jamaica: Reggae Readers Workbook 1,Louis Fidge,2708.0,6
9780230026186,Macmillan Primary Integrated Reading Scheme for Jamaica: Reggae Readers Workbook 2,Louis Fidge,2708.0,13
9780230026247,Macmillan Primary Integrated Reading Scheme for Jamaica: Reggae Readers Workbook 3,Louis Fidge,2708.0,18
9781380034038,Macmillan Primary Integrated Studies: All About Me Grade 1 Term 1 Workbook,Louis Fidge,3575.0,27
9781380034175,Macmillan Primary Integrated Studies: How Does My Body Work? Grade 3 Term 1 Workbook (2nd Edition),Winnifred Whittaker et al,3575.0,12
9781380034113,Macmillan Primary Integrated Studies: Living Together Grade 2 Term 2 Workbook,Winnifred Whittaker et al,3575.0,61
9781380034106,Macmillan Primary Integrated Studies: My Body Grade 2 Term 1 Workbook,Winnifred Whittaker et al,3575.0,10
9781380034120,Macmillan Primary Integrated Studies: My Community Grade 2 Term 3 Workbook,Winnifred Whittaker et al,3575.0,1
9781380034199,Macmillan Primary Integrated Studies: My Environment Grade 3 Term 3 Workbook (2nd Edition),Winnifred Whittaker et al,3575.0,5
9781380034045,Macmillan Primary Integrated Studies: My Family Grade 1 Term 2 Workbook,Winnifred Whittaker et all,3575.0,23
9781380034052,MacMillan Primary Integrated Studies: My School Year 1 Term 3,Winnifred Whittaker et all,3575.0,24
9789768139587,Man From Jamaica’s Hills,,3395.0,2
9789768245564,Marcus Garvey and the Tainos in Canoe Valley,,1995.0,0
9789769521421,Mastering Communication Tasks for GSAT,Winnifred Whittaker et al,1200.0,3
9789768235381,Mastering Comprehension Skills Grade 4,Elise Hooper,2590.0,5
9789768235398,Mastering Comprehension Skills Grade 5,Elise Hooper,2590.0,8
9789768235268,Mastering Comprehension Skills Grade 6,Elise Hooper,2590.0,2
9789769637719,Mastering Essential Writing Skills Ages 4-5,Karren Goulbourne,2750.0,17
9789766482251,Mastering Multiple Choice Additional Mathematics,Fayad W. Ali,4760.0,3
9789769687233,Mastering Social Studies Workbook for Grade 9,Delores McLeod,4140.0,6
MAVOBO-8399,Mastering Vocabulary Book 4,S. Bachan,3520.0,4
9789766486969,Mastering Vocabulary for Upper Primary Book 4 (Large Print),S. Bachan,3520.0,10
9789766486976,Mastering Vocabulary for Upper Primary Book 5 (Large Print),S. Bachan,4080.0,2
9780981380766,Math Today Book 1,Schoolers,1815.0,3
9780981380773,Math Today Book 2,Schoolers,1815.0,5
9780981380780,Math Today Book 3,Schoolers,1815.0,3
9781927395004,Math Today Book 5,Schoolers,1815.0,3
9789766481322,Mathematics A Complete Course with CXC Questions Volume 1,Raymond Toolsie,9200.0,3
9789766481339,Mathematics A Complete Course with CXC Questions Volume 2,Raymond Toolsie,9200.0,3
9789766481236,Mathematics Course for Secondary Schools Book 1,Raymond Toolsie,7480.0,3
9789766486679,Mathematics Course for Secondary Schools Book 2,Raymond Toolsie,7480.0,3
9789766486686,Mathematics Course for Secondary Schools Book 3,Raymond Toolsie,7480.0,3
9781405847773,Mathematics for Caribbean Schools 3rd Edition Book 1,T. Tomlinson et al,5200.0,2
HOMAFO-9112,Mathematics for Caribbean Schools 3rd Edition Book 2,T.Tomlinson et al,5200.0,3
HOMAFO-4651,Mathematics for Caribbean Schools 3rd Edition Book 3,T.Tomlinson et al,5200.0,3
9789766060503,Mathematics Made Real Workbook 4 Book 1 Terms 1 & 2,Davion Leslie,1980.0,16
9789766060510,Mathematics Made Real Workbook 4 Book 2 Terms 2 & 3,Davion Leslie,1980.0,33
9789766060541,Mathematics Made Real Workbook 5,Davion Leslie,2850.0,7
9789766480875,Mathematics Multiple Choice Topic by Topic,Paul Coutou,3760.0,3
978976963240,Mathematics Performance Task Grade 4,"G. Harper, D. Ellis",2800.0,17
97897695229614,Mathematics Workbook for Grade 7,,2540.0,1
9780230029873,Maths Matters Student's Book 1,Geoff Buckwell,4900.0,1
9780007513444,Maths Matters Student's Book 2,Geoff Buckwell,4900.0,2
MA-4099,Matilda,Ronald Dahl,4800.0,3
9789769572645,Maturing In Math The Ultimate Guide for Geniuses Workbook 6,Zavier Garka,3500.0,3
MACODI-1187,Max Computing Digital Skills For A Digital World Student Book 4,,4308.0,0
9781035119301,Max Computing Digital Skills For A Digital World Student Book 5,Estelle Ashman et al,4308.0,1
9781035119325,Max Computing Digital Skills For A Digital World Student Book 6,,4308.0,1
MACODI-3905,Max Computing Digital Skills For A Digital World Workbook 1,,4308.0,0
MACODI-7541,Max Computing Digital Skills For A Digital World Workbook 2,,4308.0,0
9781035119264,Max Computing Digital Skills For A Digital World Workbook 3,Estelle Ashman et al,4308.0,1
9780765260581,MCP Mathematics Level B,,4070.0,2
9789769667914,Medix Math Studio: Math 4 Life (Mathematics Performance Task) Workbook 4,,2800.0,16
9789769667921,Medix Math Studio: Math 4 Life (Mathematics Performance Task) Workbook 5,,2800.0,23
9789769667952,Medix Math Studio: Math 4 Life (Mathemetics Performance Task) Workbook 6,,2800.0,24
9780435120122,Men and Gods,Rex Warner,4955.0,11
9789769614314,Mental Ability and Reasoning Book 1,Hudson R. Young,1875.0,16
9789769614321,Mental Ability and Reasoning Book 2,Hudson R. Young,1592.0,28
9789769614338,Mental Ability and Reasoning Book 3,Hudson R. Young,1830.0,26
9789769614345,Mental Ability and Reasoning Book 4,Hudson R. Young,2080.0,14
9789769614307,Mental Ability and Reasoning Book 5,Hudson R. Young,2250.0,15
9789769614352,Mental Ability and Reasoning Book 6,Hudson R. Young,2530.0,30
9789769614369,Mental Ability and Reasoning Kindergarten,Hudson R. Young,2375.0,9
9780007457946,Mental Maths 10-11,,1596.0,3
9780007457892,Mental Maths 5-6,,1596.0,3
9780007457915,Mental Maths 7-8,,1596.0,3
9780007457922,Mental Maths 8-9,,1596.0,3
9780007457939,Mental Maths 9-10,,1596.0,3
9780435989545,Miguel Street,V.S. Naipaul,3575.0,1
9789766382124,Mind Builders - Test Your Thinking Skills,Delores O'Connor & Joyce Mckenzie,1600.0,6
978-0-00-751341-3,Mission Francais Pupil book 1,,3850.0,0
978-0-00-751342-0,Mission Francais Pupil book 2,,3850.0,0
978-0-00-751343-7,Mission Francais Pupil Book 3,,3850.0,0
978-0-00-751344-4,Mission Francais Workbook 1,Oliver Gray,2279.0,1
9780007513451,Mission Francais Workbook 2,Oliver Gray,2279.0,3
9780007513468,Mission Francais Workbook 3,Oliver Gray,2279.0,1
9781035105663,Mission Science for Jamaica Primary Science for the National Standards Curriculum Student's Book 4 (2nd Edition),Terry Hudson / Debbie Roberts,4048.0,6
9781035105700,Mission Science for Jamaica Primary Science for the National Standards Curriculum Student's Book 5 (2nd Edition),Terry Hudson / Debbie Roberts,4048.0,3
9781380012777,Mission Science for Jamaica Primary Science for the National Standards Curriculum Student's Book 6 (2nd Edition),Terry Hudson / Debbie Roberts,4048.0,0
9781035105687,Mission Science for Jamaica Primary Science for the National Standards Curriculum Workbook 4 (2nd Edition),Terry Hudson / Debbie Roberts,2880.0,6
9781035105731,Mission Science for Jamaica Primary Science for the National Standards Curriculum Workbook 5 (2nd Edition),Terry Hudson / Debbie Roberts,3247.0,10
9781035105762,Mission Science for Jamaica Primary Science for the National Standards Curriculum Workbook 6 (2nd Edition),Terry Hudson / Debbie Roberts,3304.0,41
9789768251411,Modern Mathematics Grade 1,Garth Thompson / Surbhi Mittal,3114.0,13
9789768251459,Modern Mathematics Grade 4,Garth Thompson / Surbhi Mittal,3862.0,11
9789768251466,Modern Mathematics Grade 5,Garth Thompson / Surbhi Mittal,3862.0,12
9789768251497,Modern Mathematics Grade 6,Garth Thompson / Surbhi Mittal,3862.0,5
9789766487263,Modules in Social Studies,Rampersad Ramsawak / Ralph R. Umraw,9480.0,3
9789766481124,Multiple Choice Pure Mathematics for CAPE Units 1 & 2,Edward Bahaw,5400.0,4
MUMA-8011,Music & Master Notes,,1900.0,0
9780230733466,"My Father, Sun-Sun Johnson",C. Everald Palmer,3602.0,1
9789769611306,My Own SBA Toolkit for CSEC English Exam,Howard Campbell & Nadja Nabbie,1995.0,3
9789769611337,My Own Workbook for CSEC for Information Technology Exam,Howard Campbell/ Nutcracker,2695.0,3
NETH-5513,Neville & The Lost Bridge,Debbie Jacob,3640.0,3
NECAIN-7087,New Caribbean Infant Reader Pre-Readers,,2465.0,3
9780602269616,New Caribbean Infant Readers Book 1,Pamela Mordecai,2480.0,38
NECAIN-3604,New Caribbean Infant Readers Book 2,Pamela Mordecai,2480.0,3
NECAIN-1918,New Caribbean Infant Readers Book 3A,Pamela Mordecai,2480.0,3
NECAIN-2155,New Caribbean Infant Readers Book 3B,Pamela Mordecai,2480.0,3
9780602252403,New Caribbean Junior English Book 1,H. Richards,3145.0,6
NECAJU-2309,New Caribbean Junior English Book 2,H. Richards,3145.0,3
NECAJU-9331,New Caribbean Junior English Book 3,H. Richards,3145.0,3
NECAJU-0861,New Caribbean Junior English Book 4,H. Richards,3345.0,3
9780602226732,New Caribbean Junior Readers Book 1,Diane Brown,3515.0,7
9780602226749,New Caribbean Junior Readers Book 2,Diane Brown,3610.0,2
NECAJU-7865,New Caribbean Junior Readers Book 3,Pamela Mordecai,3825.0,3
NECAJU-3402,New Caribbean Junior Readers Book 4,Pamela Mordecai,3825.0,3
NECAJU-4712,New Caribbean Junior Readers Book 5,,3825.0,0
INREWO-4545,New Caribbean WorkBook 3,Pamela Mordecai,1210.0,3
9789766481483,New Comprehension Strategies 1,B. Gurr/ J. Noble/ G. Phillips/ N. Pullen/ D. T/ D. Tuffin,3080.0,4
9789766481490,New Comprehension Strategies 2,B. Gurr/ J. Noble/ G. Phillips/ N. Pullen/ D. T/ D. Tuffin,3080.0,7
9789766481506,New Comprehension Strategies 3,B. Gurr/ J. Noble/ G. Phillips/ N. Pullen/ D. T/ D. Tuffin,3080.0,5
9789766481513,New Comprehension Strategies 4,B. Gurr/ J. Noble/ G. Phillips/ N. Pullen/ D. T/ D. Tuffin,3080.0,15
9789766481520,New Comprehension Strategies 5,B. Gurr/ J. Noble/ G. Phillips/ N. Pullen/ D. T/ D. Tuffin,3080.0,0
9789766481599,New Comprehensive Mathematics Infant 1,Wesley A. Furlonge,4200.0,4
9789766481605,New Comprehensive Mathematics Infant 2,Wesley A. Furlonge,4200.0,4
9789766484316,New Comprehensive Mathematics Standard 1,Wesley A. Furlonge,4400.0,3
9789766484323,New Comprehensive Mathematics Standard 2,Wesley A. Furlonge,4400.0,3
NECOMA-9825,New Comprehensive Mathematics Standard 3,Wesley A. Furlonge,4800.0,4
0789766484347,New Comprehensive Mathematics Standard 4,Wesley A. Furlonge,4800.0,4
9789766484354,New Comprehensive Mathematics Standard 5,Wesley A. Furlonge,5600.0,4
9789836802736,New First Aid in English Grammar Made Simple,Abraham Sung,4520.0,2
9780582034556,New Ibis Readers Infant Book 1,Stanford et al,2805.0,3
9780582034549,New Ibis Readers Infant Book 2,Stanford et al,2805.0,13
NEIBIN-6563,New Ibis Readers Infant Book 3,Stanford et al,2805.0,0
9780582034563,New Ibis Readers Infant Introductory Book,Stanford et al,2805.0,32
9789766485658,New Integrated Geography For CSEC,Sheldon Bleasdell / Esther Cheoung / Tan Kim Song,10280.0,4
9781408282595,New Junior English Revised Caribbean Edition,Hayden Richards,4150.0,32
NERETU-3038,New Recorder Tutor,,2600.0,0
9789768007209,New Way To Pre-School Literacy & Numeracy - An Integrated Activity Book for Age 4 Term 1 Book 2A & 2B NE,Twin Guinep Ltd,3985.0,2
9789768007186,New Way To Reading Integrated for Beginners Book 1,Twin Guinep Ltd,1625.0,1
9789768007261,New Way To Writing for Beginners Book 1,Twin Guinep Ltd,2800.0,3
NOJUAN-6555,Not Just Another Kid's Journal i A Big Book of Writing Fun,Kimberlee Wright,3400.0,0
9789769572614,Nurturing Numeracy The Ultimate Guide for Geniuses Workbook 4,Zavier Clarke,2500.0,12
OFMIAN-1713,Of Mice and Men,9780582461468,4145.0,1
9789766485214,Office Administration 2ed,Frank Ramtahal,9360.0,4
9879769530621,Old Iron Blue and Mighty Dread,,3394.96,3
OLSTTI-5725,Old Story Time CSEC Edition,Trevor Rhone,3640.0,2
9780748789993,OLE: Primary Spanish for the Caribbean Book 2,Adrian Mandara,2300.0,1
OLPRSP-6638,OLE: Primary Spanish for the Caribbean Book 4,9780748792870,2300.0,0
OLTW-9236,Oliver Twist Level 4,Charles Dickens,3990.0,3
0132647222,Outline of English Grammar,J.C. Nesfield,3160.0,4
9781398307827,Over Our Way,Jean D'Costa,3640.0,6
9780192767219,Oxford First Dictionary,,1945.0,1
9780192784193,Oxford Learner's Spanish Dictionary,,2338.0,14
9780198425724,Oxford Mathematics for the Caribbean Skills Workbook 1,Nicholas Goldberg,3027.0,7
9780198425779,Oxford Mathematics for the Caribbean Skills Workbook 2,Nicholas Goldberg,3027.0,5
9780198425823,Oxford Mathematics for the Caribbean Skills Workbook 3,Nicholas Goldberg,3027.0,9
9780192776396,Oxford Primary Dictionary (Fully Revised NSC),,2200.0,38
9781382000598,Oxford Religious Education for Jamaica: Student Book 1 - Identity Second Edition,Nicholas Goldberg,6699.0,1
9780198407997,Oxford School Spanish Dictionary,,1975.0,7
9780192766465,Oxford Student's Dictionary,,2600.0,16
9971630710,Pacific PSLE English,Pan Pacific Publications,4920.0,4
9789766460679,Pam and Tim Infant Reader Book 1,S. Nagassar,850.0,5
9789766482800,PE 1-2-3: Physical Education for Lower Secondary Schools levels 1-2-3,G. Lai,7080.0,6
9781428430938,Pearson Phonics Level B,,4500.0,2
9781428430969,Pearson Phonics Level E,,4500.0,5
9781428430914,Pearson Phonics Level K,,4500.0,22
PEABTE-3307,PEP Ability Test Practice Book 1,Sarah Collins et al,3405.0,3
PEABTE-8338,PEP Ability Test Practice Book 2,Sarah Collins et al,3405.0,3
9781733904124,PEP for Winners Mathematics Vol 1 - Practice Question Work Book,Dr Dwight Berry,2500.0,3
9781733904131,"PEP for Winners Mathematics Vol 2 - Student's Grade 4, 5 & 6",Dr. Dwight Berry,2500.0,16
9789769572621,PEP Mental Ability Developing Reasoning Skills Workbook 6,Zavier Clarke,2800.0,4
9789769572683,PEP Mental Ability Introductory Principles for Critical Thinking Workbook 1,Zavier Clarke,2100.0,35
9789769572690,PEP Mental Ability Introductory Principles for Critical Thinking Workbook 2,Zavier Clarke,2200.0,29
9789769572669,PEP Mental Ability Introductory Principles for Critical Thinking Workbook 3,Zavier Clarke,2200.0,28
9789769572676,PEP Mental Ability Introductory Principles for Critical Thinking Workbook 4,Zavier Clarke,2300.0,9
9789769572652,PEP Mental Ability The Fundamental Basis for Critical Thinking Workbook 5,Zavier Clarke,2500.0,5
9789769634411,PEP Performance Task Workbook Grade 5 Mathematics,,2200.0,3
9789769634404,PEP Performance Task Workbook Grade 6 Mathematics,Edna Simpson,2200.0,8
9780692170250,"PEP Practice for Grades 4, 5 & 6 Students Ability Test Workbook",Shalette Ashman,3000.0,2
9781734807042,"PEP Practice for Grades 4, 5 and 6 Students Curriculum Based Test Science Grade 6",Shalette Ashman,3000.0,7
9781734807004,"PEP Practice for Grades 4, 5 and 6 Students Curriculum Based Test Social Studies Grade 6",Shalette Ashman,3000.0,13
9781734807066,"PEP Practice for Grades 4, 5 and 6 Students Performance Task Grade 5 Language Arts",Shalette Ashman,2200.0,2
9781734807059,"PEP Practice for Grades 4, 5 and 6 Students Performance Task Grade 5 Mathematics",Shalette Ashman,2200.0,12
9798988786528,"PEP Practice for Grades 4, 5 and 6 Students Performance Task Grade 5 Social Studies",Shalette Ashman,2200.0,15
9781734807042,"PEP Practice for Grades 4, 5 and 6 Students Performance Task Science Grade 5",Shalette Ashman,2200.0,4
9780578423913,"PEP Practice for Grades 4, 5 and 6 Students Second Edition Performance Task",Shalette Ashman,3000.0,3
9789768312266,PEP Practice Tests For Mathematics Grade 6,Karren Goulbourne,4800.0,3
9789768312259,PEP Workbook for Mathematics with Performance Tasks Grade 5,Karren Goulbourne,4800.0,9
9789768312242,PEP Workbook For Mathematics with Practice Tests Grade 4,Karren Goulbourne,4800.0,11
9789768312228,PEP Workbook For Mathematics with Practice Tests Grade 6,Karren Goulbourne,4800.0,15
9789768312204,PEP Workbook For Science with Practice Tests Grade 4,Karren Goulbourne,3500.0,7
9789768312181,PEP Workbook For Science with Practice Tests Grade 5,Karren Goulbourne,4800.0,0
9789768312198,PEP Workbook For Social Studies with Performance Tasks Grade 5,Karren Goulbourne,4800.0,7
9789768312211,PEP Workbook For Social Studies with Practice Tests Grade 4,Karren Goulbourne,4800.0,3
9789768312174,PEP Workbook For Social Studies with Practice Tests Grade 6,Karren Goulbourne,4800.0,52
9789768342119,Perfect Pass Curriculum Based Test for PEP Language Arts Grade 6,Schoolmate Press,2450.0,3
9789769678996,Perfect Pass Curriculum Based Test for PEP Mathematics Grade 6,schoolmate Press,2450.0,3
9789768342096,Perfect Pass Curriculum Based Test for PEP Science Grade 6,Schoolmate Press,2450.0,0
9789768342102,Perfect Pass Curriculum Based Test for PEP Social Studies Grade 6,Schoolmate Press,2450.0,3
9789769678958,Perfect Pass Performance Task for PEP: Language Arts & Mathematics  Grade 4,Schoolmate Press,2550.0,3
9789769678941,Perfect Pass Performance Tasks for PEP: Language Arts Grade 5,Howard Campbell,2350.0,20
9789769678903,Perfect Pass Performance Tasks for PEP: Mathematics Grade 5,Howard Campbell,2350.0,31
9789769678927,Perfect Pass Performance Tasks for PEP: Science Grade 5,Howard Campbell,2350.0,17
9789769678934,Perfect Pass Performance Tasks for PEP: Social Studies Grade 5,Howard Campbell,2350.0,18
9789766060169,Peter of Mount Ephraim,Vic Reid,3340.0,2
9789766482008,Physical Education & Sports for CSEC,Kenny Kitsingh,9400.0,4
9789766482893,Physical Education and Sports for CXC Students Workbook,Kenny Kitsingh,5800.0,4
9789766481292,Physics for CSEC,Samlal Mannie/ Lim Jit Ning,9600.0,1
9789766383268,Playing with Sounds Phonics 1,Donna Werdenie et al,2400.0,17
9789766383275,Playing with Sounds Phonics 2,Donna Werdenie,2500.0,5
9789766383282,Playing with Sounds Phonics 3,Shedina Powell / Wendy Bailey,2700.0,0
9781510414303,Plays For Today with CSEC Study Guide,Derrick Walcott,3900.0,2
9780199666157,Pocket Oxford English Dictionary,,3105.0,17
POALDI-0971,Ponte al dia! para Jamaica Libro 1 NSC Edition,T. Haynes Brown,5730.0,3
POALDI-0649,Ponte al dia! para Jamaica Libro 2 NSC Edition,D. Brown et al,5730.0,3
POALDI-2428,Ponte al dia! para Jamaica Libro 3 NSC Edition,T. Williams et al,5730.0,3
9789766482466,Practical Chemistry for CAPE Units 1 & 2,Susan Maraj,8400.0,4
PRCHFO-5318,Practical Chemistry for CSEC,Norman Lambert,6085.0,3
PREXCS-8212,Practice Exercises CSEC English Language - New Edition,J. Cousins,3545.0,3
9769788202666,Practice Papers for CXC Spanish,,2595.0,3
9789768251589,Practising Comprehension: A Skilled-Based Approach Grade 4,Clifford Narinesingh,2317.0,3
9789768251596,Practising Comprehension: A Skilled-Based Approach Grade 5,Clifford Narinesingh,2317.0,1
9789768251602,Practising Comprehension: A Skilled-Based Approach Grade 6,Clifford Narinesingh,2317.0,8
9768184213,Pre-C.X.C. Spanish Practice Papers - Grades 7.9,,1595.0,3
PRHIOF-8415,Pre-Emancipation History of the West Indies,Isaac Dookahn,4290.0,3
9768014148,Pre-Secondary School Mathematics Expanded Edition,Paul Coutou,4600.0,4
9789768171383,Preparing for Exams & Beyond Book 1,Joan A Davis-Williams,2800.0,7
9789768171391,Preparing for Exams & Beyond Book 2,Joan A Davis-Williams,2800.0,3
9789768235428,Preparing For The Language Arts Examination Grade 2,J. Hagely,2595.0,6
PRFOLA-9938,Preparing For The Language Arts Examination Grade 3,9789768235435,2595.0,10
9789768235442,Preparing For The Language Arts Examination Grade 4,J. Hagely,2780.0,13
PRFOTH-3744,Preparing For The Language Arts Examination Grade 5,,3420.0,0
9789769629127,Prepping For PEP Ability: The Ultimate Ability Test Prep Guide Grade 6,Akeisha Christie Wainwright,2650.0,1
9789769629189,Prepping For PEP: Language Arts Grade 4 Performance Task,Akeisha Christie Wainwright,2550.0,10
9789769629196,Prepping For PEP: Language Arts Grade 5 Performance Task,Akeisha Christie Wainwright,2550.0,3
9789769629103,Prepping For PEP: Language Arts Grade 6 Performance Task,Akeisha Christie Wainwright,2550.0,12
9789769629158,Prepping For PEP: Mathematics Grade 4 Performance Task,Akeisha Christie Wainwright,2550.0,3
9789769629165,Prepping For PEP: Mathematics Grade 5 Performance Task,Akeisha Christie Wainwright,2550.0,34
9789769629110,Prepping For PEP: Mathematics Grade 6 Performance Task,Akeisha Christie Wainwright,2550.0,15
9789769629141,Prepping For PEP: Science Grade 5 Performance Task,Akeisha Christie Wainwright,2550.0,11
9789769629172,Prepping For PEP: Social Studies Grade 5 Performance Task,Akeisha Christie Wainwright,2550.0,12
9780175664160,Primary Comprehension Skills,Cecil Gray,1515.0,5
9789769535275,Primary English Across The Curriculum Grade 4,Roy Narinesingh & Bhadase Seethal-Maraj,3950.0,0
9789769535282,Primary English Across The Curriculum Grade 5,Roy Narinesingh & Bhadase Seethal-Maraj,3950.0,8
9789769535299,Primary English Across The Curriculum Grade 6,Roy Narinesingh & Bhadase Seethal-Maraj,3950.0,6
9789810078300,Primary English Book 1,Casco Publications,3160.0,4
9789810078317,Primary English Book 2,Casco Publications,3160.0,4
9789810078386,Primary English Book 3,Casco Publications,3280.0,4
9789810078287,Primary English Book 4,Casco Publications,3280.0,4
9789810078294,Primary English Book 5,Casco Publications,3280.0,4
9789810078393,Primary English Book 6,Casco Publications,3280.0,4
9789768005009,Primary Maths Companion,,450.0,15
9781398313316,Primary Science PEP Revision Workbook Grade 4,Judith Amery,3545.0,3
9781398313323,Primary Science PEP Revision Workbook Grade 5,Rosemary Feasey,3545.0,11
PRSCPE-5498,Primary Science PEP Revision Workbook Grade 6,Amani Leslie,3545.0,3
9789768014511,Principles of Accounts,David Ramlochan / Charmain Lalla,9360.0,4
PROFAC-6676,Principles of Accounts for Caribbean Examinations,Lystra Stephens-James et al,4600.0,3
PROFAC-1612,Principles of Accounts for the Caribbean 6th Edition,Frank Wood et al,7445.0,3
PEMAPR-1192,Problem Solving and Reasoning Skills for PEP Math Grade 4 - NSC Edition,Paul Broadbent,3220.0,3
PEMAPR-8433,Problem Solving and Reasoning Skills for PEP Math Grade 5 - NSC Edition,Paul Broadbent,3220.0,3
PEMAPR-6999,Problem Solving and Reasoning Skills for PEP Math Grade 6 - NSC Edition,Paul Broadbent,3220.0,3
9789768342027,Progressive Learners PEP Ability Tasks Grade 6,Schoolmate Press,2550.0,3
9789768202048,Pure Mathematics for CAPE Vol. 1,Elizabeth Campbell,4195.0,3
9789768202604,Pure Mathematics for CAPE Vol. 2,Elizabeth Campbell,4295.0,3
9789766482930,Pure Mathematics: A Complete Course for CAPE Unit 1,Raymond Toolsie,12200.0,4
9789766483296,Pure Mathematics: A Complete Course for CAPE Unit 2,Raymond Toolsie,12200.0,4
9768184434,Quick Quiz Book,,1595.0,3
9789768303233,Rainbow Readers A Jamaican Reading Series Grade 1 New NSC Edition,Roma Sinanan / Uriel Narinesingh / Charlene Sinanan-Hansraj,2967.0,29
9789768303240,Rainbow Readers A Jamaican Reading Series Grade 2 New NSC Edition,Roma Sinanan / Uriel Narinesingh / Charlene Sinanan-Hansraj,3193.0,44
9789768303257,Rainbow Readers A Jamaican Reading Series Grade 3 New NSC Edition,Roma Sinanan / Uriel Narinesingh / Charlene Sinanan-Hansraj,3193.0,12
9789768292001,Rainbow Readers A Jamaican Reading Series Grade 4 New NSC Edition,Roma Sinanan / Uriel Narinesingh / Charlene Sinanan-Hansraj,3271.0,16
9789768292018,Rainbow Readers A Jamaican Reading Series Grade 5 New NSC Edition,Roma Sinanan / Uriel Narinesingh / Charlene Sinanan-Hansraj,3300.0,67
9789768292025,Rainbow Readers A Jamaican Reading Series Grade 6 New NSC Edition,Roma Sinanan / Uriel Narinesingh / Charlene Sinanan-Hansraj,3300.0,18
9789768185778,Rainbow Readers: A Jamaica Reading Series Family & Friends - Infant Year 1 Reader 1,Molly Bhgwandeen,2314.0,0
9789768185778,Rainbow Readers: A Jamaica Reading Series Family & Friends - Infant Year 1 Workbook 1,Molly Bhgwandeen,1878.0,3
9786073250016,Read Right Level A Student's Book,Roma Sinanan / Uriel Narinesingh / Charlene Sinanan-Hansraj,3120.0,5
9781444193824,Reader A: What a Fright and other stories - New Colour Edition,A. Maciver et al,3250.0,2
9781444193619,Reader B: Ali Baba and Other Stories - New Colour Edition,A. Maciver et al,3250.0,7
9781444193633,Reader C: Buried Treasure and Other Stories - New Colour Edition,A. Maciver et al,3250.0,11
9781444193657,Reader D: A Narrow Escape and Other Stories - New Colour Edition,A. Maciver et al,3250.0,14
9781444193671,Reader E: Crossing the Line and Other Stoires - New Colour Edition,A. Maciver et al,3250.0,7
9780716955054,Reader F: Kariba,A. Maciver et al,3180.0,0
CRREKN-5919,Ready To Go Lessons For English - Stage 2,Nasser Khan,2015.0,1
9789768237989,Ready To Read An Infant Integrated Reader,"M. McLean, L. Fearon",2520.0,20
9780007212378,Redemption Songs - 1000 Hymns & Choruses,,1990.0,3
9789768245953,Rediscovering Language Arts for the Caribbean Grade One,Dr. Adrian Mandara,3395.0,2
9789766570934,Rediscovering Language Arts for the Caribbean Grade Three,Dr. Adrian Mandara,3395.0,3
9789766570842,Rediscovering Language Arts for the Caribbean Grade Two,Dr. Adrian Mandara,3395.0,3
9789768245908,Rediscovering Mathematics for the Caribbean Grade Five,Dr. Adrian Manadara,3995.0,21
9789768245892,Rediscovering Mathematics for the Caribbean Grade Four,Dr. Adrian Manadara,3995.0,13
9789768245878,Rediscovering Mathematics for the Caribbean Grade One,Dr. Adrian Mandara,3495.0,2
9789768245915,Rediscovering Mathematics for the Caribbean Grade Six,Dr. Adrian Manadar,3995.0,20
9789766570811,Rediscovering Mathematics for the Caribbean Grade Three,Dr. Adrian Mandara,3795.0,29
9789768245885,Rediscovering Mathematics for the Caribbean Grade Two,Dr. Adrian Mandara,3595.0,16
9789768245069,Rediscovering Mathematics for the Caribbean Kindergarten for Four Year Old,Dr. Adrian Mandara,2695.0,3
9789768245694,Rediscovering Mathematics for the Caribbean- My Jumbo Maths Book for Five Year Old,Dr. Adrian Mandara,2695.0,3
9780175663538,Response,Cecil Gray,5451.0,4
RISTAL-1730,Right Start Alphabet Integrated Workbook,Valerie Brown,1200.0,0
9789769515159,Right Start Arts Colours & Shapes Integrated Workbook,Valerie Brown,1250.0,6
9789769515191,Right Start Beginning 123 Integrated Workbook,Valerie Brown,1250.0,9
9789769515185,Right Start Beginning ABC Integrated Workbook,Valerie Brown,1250.0,6
RISTBE-1298,Right Start Beginning Colouring Integrated Workbook,Valerie Brown,1250.0,0
RISTBE-2105,Right Start Beginning Spanish Integrated Workbook,Valerie Brown,1250.0,0
9789769515132,Right Start Counting Integrated Workbook,Valerie Brown,1250.0,5
9789769515161,Right Start Fun With Colours Integrated Workbook,Valerie Brown,1200.0,1
9789768229052,Right Start Grade 3 Mathematics Integrated Practice Papers,Valerie Brown,1670.0,10
9789768229052,Right Start GSAT Mathematics Integrated Practice Papers,Valerie Brown,1670.0,3
9789768229038,Right Start In My Environment Integrated Workbook,Valerie Brown,1250.0,11
9789768229045,Right Start In My World Integrated Workbook,Valerie Brown,1250.0,3
9789769517516,Right Start Integrate Reader B,Valerie Brown,1250.0,6
9789769515178,Right Start Integrated Colouring Our Community,Valerie Brown,1200.0,2
9789766106669,Right Start Integrated Reader,Valerie Brown,1250.0,8
9789769517526,Right Start Introductory Integrated Reader,Valerie Brown,1280.0,3
9789766105303,Right Start Language Arts Integrated Workbook,Valerie Brown,1250.0,38
9789769517547,Right Start Language Arts Integrated Workbook B,Valerie Brown,1400.0,2
9789769515109,Right Start Letters & Sounds Integrated Workbook,Valerie Brown,1250.0,4
9789766105297,Right Start Mathematics Integrated Workbook,Valerie Brown,1250.0,14
9789769517530,Right Start Mathematics Integrated Workbook B,Valerie Brown,1350.0,6
RISTNU-1450,Right Start Numbers Integrated Workbook,Valerie Brown,1250.0,3
9789766105310,Right Start Phonics Integrated Workbook,Valerie Brown,1250.0,6
9789769515147,Right Start Writing Integrated Workbook,Valerie Brown,1250.0,4
9780435123123,Roll of Thunder Hear My Cry,M.Taylor,5110.0,12
9781408236895,Romeo & Juliet,John O'Connor,4145.0,4
ROALCU-9280,Royards Alphabet Cursive Letters,Clifford Narinesingh,900.0,1
9789814769020,Scholastic Prime Kindergarten Student Book A,Scholastic,2500.0,4
9789814781367,Scholastic Prime Kindergarten Student Book B,Scholastic,2500.0,4
9789814769884,Scholastic Prime Mathematics for Success Coursebook 1,,3900.0,10
9789814769891,Scholastic Prime Mathematics for Success Coursebook 2,Scholastic,3900.0,11
9789814769907,Scholastic Prime Mathematics for Success Coursebook 3,,3900.0,5
9789814769914,Scholastic Prime Mathematics for Success Coursebook 4,,3900.0,13
9789814769921,Scholastic Prime Mathematics for Success Coursebook 5,,3900.0,3
9789814769938,Scholastic Prime Mathematics for Success Coursebook 6,Scholastic,3900.0,3
9789814769945,Scholastic Prime Mathematics for Success Practice Book 1,,2800.0,11
9789814769952,Scholastic Prime Mathematics for Success Practice Book 2,Scholastic,2800.0,11
9789814769969,Scholastic Prime Mathematics for Success Practice Book 3,,2800.0,4
9789814769976,Scholastic Prime Mathematics for Success Practice Book 4,,2800.0,2
9789814769983,Scholastic Prime Mathematics for Success Practice Book 5,,2800.0,3
9789814769990,Scholastic Prime Mathematics for Success Practice Book 6,,2800.0,14
9789810732868,Scholastic Studysmart Comprehension Skills Level 2,Linda Ward Beech,1500.0,2
9781338798586,Scholastic Success with Reading Comprehension Grade 1,,1800.0,6
SEEXEN-3912,Selection Exam English Test,Hayden Richards,4290.0,3
9789766480677,Shakespeare's Plays,Rodney Yamin-Ali / James Tan,5000.0,4
9780435120351,Shane,Jack Schaefer,4955.0,8
9780435120399,Silver Sword,Ian Serraillier,5265.0,6
9789769584105,Simply Social Studies Pocket Book 1: Individual & The Family,Carrol Myers,1800.0,1
9789769584112,Simply Social Studies Pocket Book 2: Groups and Institutions,Carrol Myers,1800.0,0
9789769584129,Simply Social Studies Pocket Book 3: Sustainable Development and Use of Resources,Carrol Myers,1800.0,0
9780000009784,Simply Social Studies Tourism Workbook,Carrol Myers,4600.0,0
SI-4940,Sixty-Five,V.S Reid,2960.0,3
SKINGE-5314,Skills in Geography,V. A Rahil,4960.0,6
SOLIIN-3205,Social Life in the Caribbean 1838,Bridget Brereton,4085.0,3
9789769550452,Social Studies Topic by Topic Multiple Choice Tests for SEC,"Vernelle Richardson, Dalier John",3000.0,3
9780007498826,Sociology Themes & Perspectives,,9050.0,3
SOOFSI-3868,Songs of Silence,Curdella Forbes,3640.0,3
9789768235282,Spanish Grammar For Caribbean,"J. Kanhai Winter, Ramcharitar",3420.0,3
9780981380711,Spanish Today Book 1,Schoolers,1910.0,5
9780981380728,Spanish Today Book 2,Schoolers,1910.0,5
9780981380759,Spanish Today Book 3,Schoolers,1910.0,5
9781927395028,Spanish Today Book 4,Schoolers,1910.0,5
9781927395035,Spanish Today Book 5,Schoolers,1910.0,5
9781927395042,Spanish Today Book 6,Schoolers,1910.0,0
9781629746722,Spanish Two Years (3rd Edition) Workbook,Nassy / Levy,3640.0,1
9781398340527,Sprat Morrison,Jean D'Costa,3640.0,2
9789769655430,Star Performer Ability Tests for PEP Grade 5,Howard Campbell/ Nutcracker,3100.0,7
9789769655423,Star Performer Ability Tests for PEP Grade 6,Howard Campbell/ Nutcracker,3100.0,6
9789769655447,Star Performer Ability Tests Workbook for PEP Grade 4,Howard Campbell/ Nutcracker,3150.0,4
9789769655416,Star Performer Language Arts Performance Tasks for PEP Grade 6,Howard Campbell/ Nutcracker,3100.0,5
9789769655409,Star Performer Mathematics Performance Tasks for PEP Grade 6,Howard Campbell/ Nutcracker,3100.0,9
9781738213115,Star Performer Mathematics Progress Tests Grade 4,Howard Campbell/ Nutcracker,3100.0,3
9789768342034,Starlight Developing Critical Thinkers,Susania Brown,1980.0,4
9789769678972,Starlight Integrated Activities and Colouring Book,Erika Allen-Lennon,2680.0,7
9789769678989,Starlight Thematic Colouring Book Age 3,Susania Brown,1895.0,2
9789768342003,Starlight Thematic Colouring Book Age 4,Susania Brown,1950.0,3
9789768342041,Starlight Thematic Colouring Book Age 5,Susania Brown,1980.0,3
SULI-1810,Summer Lighting & Other Stories,Olive Senior,3670.0,3
9789768237187,Sunbeam Integrated Approach Language Arts Workbook 3,"C. Campbell, M. Miles",2660.0,37
9789768237712,Sunbeam Integrated Mathematics Workbook 3,"C. Campbell, M. Miles",2580.0,18
9780582765559,Sunsong 1,Pamela Mordecai et al,3575.0,7
9780582089136,Sunsong 2,Pamela Mordecai et al,3575.0,4
9780582071261,Sunsong 3,Pamela Mordecai et al,3575.0,0
9789766106065,SunZone Numbers Fun Learning 3 Years & Older,M. Sayers-Johnson,1321.0,1
SUSUSP-8595,Sunzone SunZone Spanish Skills Fun Learn Book 1,,1349.0,0
SUSUSP-4558,Sunzone SunZone Spanish Skills Fun Learn Book 2,,1345.0,0
9789768208082,Sunzone Workbook: Phonics Fun Learning Grade K Book 2,,1500.0,22
9789768245212,Take Three Giant Steps,,1995.0,6
9781405865227,Tales from Shakespeare - CSEC,Lamb,3870.0,6
9768184094,Teaching Its Management and Function,,1495.0,3
9780003222982,Technical Drawing for GCE CSE,,5895.0,3
9789769528314,Test Prep Language Arts GSAT,Shawn Johnson,1800.0,2
9789769528338,Test Prep Science GSAT,Shawn Johnson,1800.0,4
9780230733442,The Cloud with the Silver Lining,C. Everald Palmer,3602.0,11
9789768245535,The Educators’ Briefcase,,2795.0,0
9780435121006,The Enchanted Island,Ian Serrailier,4800.0,3
9789768245700,The Extraordinary Bakers Street,,1995.0,0
9781931952019,The Holy Bible - Good News Translation,,4000.0,16
7899938428245,The Holy Bible - King James Version (Black),,4000.0,6
7899938422557,The Holy Bible - King James Version (Blue),,4000.0,6
7899938428252,The Holy Bible - King James Version (Burgundy),,4000.0,2
9781471859984,The Illustrated First Aid in English,Angus Maciver,3780.0,23
9789768202437,The Lah Lah Book Of Sight Singing,,1795.0,0
9789768245779,The Mathematics SBA Handbook - A Step by Step Guide,Nathalie Stewart,3195.0,3
9780435026455,The Merchant of Venice (New Edition),Shakespeare,4955.0,4
7789768237523,The New Integrated Approach Communication Task Workbook 5,Beverly Powel et al,1680.0,2
9789769632820,The New Integrated Approach Critical Thinking Workbook 5,Beverly Powel et al,3000.0,8
9789769631809,The New Integrated Approach Language Arts Workbook 4 (PEP),M. Sayers-Johnson,3100.0,41
9789769631816,The New Integrated Approach Language Arts Workbook 5 (PEP),M. Sayers-Johnson,3400.0,40
9789769632806,The New Integrated Approach Mathematics Book 5 (Pathway to PEP),Beverly Powel et al,3000.0,16
9789769631830,The New Integrated Approach Mathematics Workbook 4 (PEP),M. Sayers-Johnson,3800.0,53
9789768237491,The New Integrated Approach Numeracy Workbook 4,"G. Harper, D. Ellis, M. Dennis",2800.0,5
9789769632431,The New Integrated Approach Phonics Workbook 4 PEP,"G. Harper, D. Ellis",3000.0,15
9789769685666,The New Integrated Approach Religious Education Workbook 4,"C.Campbell, M. Miles",2080.0,4
9789769685604,The New Integrated Approach Religious Education Workbook 5,"C.Campbell, M. Miles",2160.0,8
9789768237293,The New Integrated Approach Religious Education Workbook 6,"C.Campbell, M. Miles",2180.0,12
9789769632424,The New Integrated Approach Science Book 4 PEP,"G. Harper, D. Ellis",3000.0,24
9789769632813,The New Integrated Approach Science Workbook 5,Beverly Powel et al,3000.0,17
9789769631823,The New Integrated Approach Social Studies Workbook 4 (PEP),M. Sayers-Johnson,3100.0,10
9789769632844,The New Integrated Approach Social Studies Workbook 5,Beverly Powel et al,3000.0,10
9789769535268,The New Language Arts for the Caribbean Secondary Entrance Assessment,Roy Narinesingh & Bhadase Seethal-Maraj,4300.0,7
9789769630833,The New Primary English NE Grade 1,Roy Narinesingh & Ina vds Narinesingh,2750.0,12
9789769630840,The New Primary English NE Grade 2,Roy Narinesingh & Ina vds Narinesingh,2850.0,2
9789769630857,The New Primary English NE Grade 3,Roy Narinesingh & Ina vds Narinesingh,2850.0,8
9789768342058,The New Primary Practice Paper Grade 3,Schoolmate Press,2390.0,3
9789769607439,The New Primary Social Studies for Grade 4 Revised,"C.Campbell, M. Miles",1.0,2
THNERE-1816,The New Recorder Tutor,,2600.0,0
9789814077606,The New Student's Companion for Lower Secondary,Magdalene Chew / Surinder Kaur,3280.0,3
9789814077392,The New Student's Companion for Upper Primary Schools,Magdalene Chew / Surinder Kaur,3000.0,4
9789768007278,The New Way to Numbers 1-20 Practice Sheets,Twin Guinep Ltd,3900.0,3
9789768007179,The New Way To Reading Integrated Pre-Reader Book 2,Twin Guinep Ltd,1465.0,1
9780582461475,The Pearl,Steinback,4335.0,7
THPEWH-7042,The People Who Came Book 1,Allan Norman,4520.0,0
THPEWH-9513,The People Who Came Book 2,Patricia Patterson,5200.0,0
9780582766570,The People Who Came Book 3,Kamau Braithwaite,5200.0,1
9789768202949,The Salt Loses Her Savour,,2395.0,0
THSEGA-6450,The Secret Garden,F.Hodgson Burnett,4145.0,3
9789766484279,The Student's Handbook for writing the CSEC Mathematics SB/,Roger Berment,3800.0,3
9781408280652,The Students' Companion (New Edition),Wilfred Best,2990.0,19
9781408276686,The Students' Companion Practice Book (New Edition),Nick Coates,1515.0,3
9780333368381,The Sun Salutes You,C. Everald Palmer,4048.0,8
THSUEY-4349,The Sun's Eye,Anne Walmsley,3640.0,3
9789768245755,The Tale of Albert Walker: Historical Fiction Depicting Village Life in Jamaica: 1860s to 1930s,,2195.0,3
9780582848665,The Tempest,Shakespeare,4180.0,7
THTECS-8858,The Tempest (CSEC Study Guide),S. Blair,3700.0,3
9789768007079,"The Way to Art Book 1, Using Colours",Twin Guinep Ltd,1355.0,1
9789768007087,"The Way to Art Book 2, Mixing Colours",Twin Guinep Ltd,1355.0,13
THYEIN-8246,The Year in San Fernando,Micheal Anthony,3640.0,3
9781398307858,The Young Warriors,Vic Reid,3640.0,6
9780435913502,Things Fall Apart,Chinua Achebe,1850.0,2
9780435120962,To Kill a Mockingbird,Lee,4955.0,4
TOSIWI-7917,To Sir with Love,Braithwaite,4490.0,3
TOSA-2011,Tom Sawyer,Mark Twain,4800.0,3
9781408527443,Tricolore 2 5e Edition (Grammar in Action),Sylvia Honnor,1910.0,1
9789768138203,Tu Tu Tu Caribbean Beginner's Workbook for Soprano (Descant) or Tenor Recorder,R.C. Moder,1750.0,6
9780582365780,Twelfth Night,Shakespeare,4180.0,3
TWNI-6279,Twelfth Night,,3633.0,0
9781107565463,Twelfth Night (3rd Edition),Shakespeare,1.0,1
9789768014610,Understanding English Grammar,Steve E. Gonzalez,5880.0,3
9789768245182,Up You Mighty Race,,1195.0,3
9789768185075,Vintage - An Anthology,Uriel Narinesingh,3125.0,0
9789768014238,Visual Arts for Secondary Schools,Shastri Maharaj,7520.0,3
VIPRBO-5838,Viva Practice Book 1 2nd Edition,Moodie et al,2075.0,3
9780582367791,Viva Practice Book 2 2nd Edition,Moodie et al,2075.0,5
9780582367807,Viva Practice Book 3 2nd Edition,Moodie et al,2075.0,1
VIPRBO-4927,Viva Practice Book 4 2nd Edition,Moodie et al,2775.0,3
9780582332829,Viva Student Book 1 2nd Edition,Moodie et al,4675.0,2
VISTBO-3786,Viva Student Book 2 2nd Edition,Moodie et al,4675.0,3
VISTBO-2288,Viva Student Book 3 2nd Edition,Moodie et al,4675.0,3
VISTBO-9139,Viva Student Book 4 2nd Edition,Moodie et al,5590.0,3
9768185252,Vocabulary Handbook for GSAT,Uriel Narinesingh,2000.0,5
9789766460433,Vocabulary Made Simple PEP and Common Entrance Levels,Harry Subnalk,2780.0,4
9780175663187,WaveLengths,Cecil Gray,4845.0,2
9789768007124,Way to Mathematics Book 1,Twin Guinep Ltd,1355.0,4
9789768007230,"Way To My First Colouring Book, Level 1",Twin Guinep Ltd,1355.0,3
9978768007049,"Way to Numbers - Counting, Drawing and Colouring",Twin Guinep Ltd,1355.0,3
9789768007001,Way To Reading Book 1,Twin Guinep Ltd,3900.0,5
9789768007094,Way To Reading Book 2A,Twin Guinep Ltd,1465.0,2
978976800701,Way To Reading Book 2B,Twin Guinep Ltd,2800.0,0
9789768007056,Way To Writing - Drawing and Colouring,Twin Guinep Ltd,2800.0,3
9789768007063,Way to Writing A-Z Practice Sheets,Twin Guinep Ltd,2800.0,3
WAOFSU-3236,Ways of Sunlight,Sam Selvon,3780.0,3
9780545312394,We Can Use The Computer,R. Biheller Bunin et al,4400.0,2
9766105782,Whiz Kids Series Introduction to Computer Hardware,R. Biheller Bunin et al,1650.0,5
9781398340480,Wine of Astonishment (CCC),Earl Lovelace,3640.0,0
9780435996642,Word Perfect Spelling Book 1 2nd Edition,Ronald Ridout,3095.0,0
9780435996659,Word Perfect Spelling Book 2  2nd Edition,Ronald Ridout,3095.0,0
9780435996666,Word Perfect Spelling Book 3  2nd Edition,Ronald Ridout,3095.0,0
9780435996673,Word Perfect Spelling Book 4  2nd Edition,Ronald Ridout,3095.0,0
9780435996680,Word Perfect Spelling Book 5  2nd Edition,Ronald Ridout,3560.0,0
9780435996697,Word Perfect Spelling Book 6  2nd Edition,Ronald Ridout,3715.0,0
9780435996703,Word Perfect Spelling Book 7 2nd Edition,Ronald Ridout,4435.0,5
9780435996659,Word Perfect Spelling Book 8  2nd Edition,Ronald Ridout,4335.0,0
9780435996635,Word Perfect Spelling Intro Book 2nd Edition,Ronald Ridout,2480.0,0
9789766460678,Workbook Infant 1 Pam and Tim,S. Nagassar,850.0,3
9789766571207,Worship for Schools and Colleges: A Companion to Caribbean School Hymnal,,1395.0,3
9789766460457,Writing Practice 1A,Barbara Griffiths,1100.0,2
9789766460464,Writing Practice 1B,Barbara Griffiths,1100.0,10
9789766460471,Writing Practice 2A,Barbara Griffiths,1100.0,4
WRPRB-9385,Writing Practice 2B,Barbara Griffiths,1100.0,0
WRPRA-0179,Writing Practice 3A,Barbara Griffiths,1100.0,0
WRPRB-5068,Writing Practice 3B,Barbara Griffiths,1100.0,0
JAPO-5269,12 Jar Poster Paint,Art & Craft,1100.0,0
M-0762,3/4 * 36m Frosted Tape,Art & Craft,80.0,0
MATA-9293,"3/4"" Masking Tape",Art & Craft,150.0,133
JAPL-8048,4 Jar Play Doh,Art & Craft,900.0,0
MODO-9559,4 Modeling Dough,Art & Craft,400.0,0
MODO-8111,5 Modeling Dough,Art & Craft,450.0,0
STSCSC-4830,"5.25"" Studmark School Scissors (ST-SC511)",Art & Craft,112.0,1
STSC-9249,"5.5"" Studmark School Scissors (SC506)",Art & Craft,120.0,0
JACL-5328,6 Jar Classic Poster Paint,Art & Craft,865.22,1
ACPA-3617,Acrylic Paint,Art & Craft,2000.0,0
ANCRPO-8041,Angel Craft 1'' Pom Pom Ball (EBP003),Art & Craft,450.0,1
ANCRPO-3941,Angel Craft 3/4'' Pom Pom Ball (EBP002),Art & Craft,350.0,1
ANCRCH-6053,Angel Craft Chenille Stems - Black,Art & Craft,500.0,0
ANCRCH-7033,Angel Craft Chenille Stems - Glitter (BC024),Art & Craft,500.0,1
ANCRCH-6697,Angel Craft Chenille Stems - Primary Colours (BC023),Art & Craft,650.0,1
ANCRCH-2117,Angel Craft Chenille Stems - White,Art & Craft,500.0,11
ANCRCO-7478,Angel Craft Coloured Craft Stick 100-Count,Art & Craft,550.0,0
ANCRFE-6979,Angel Craft Feather - Black (EF006),Art & Craft,550.0,1
ANCRFE-7838,Angel Craft Feather - Multicolour (EF002),Art & Craft,550.0,1
ANCRFE-8655,Angel Craft Feather - Multicolour (EF004),Art & Craft,320.0,1
ANCRFE-2812,Angel Craft Feather - White (EF005),Art & Craft,550.0,1
ANCRFO-0520,Angel Craft Foam Balls 3-Count (EB005),Art & Craft,600.0,1
ANCRFO-7784,Angel Craft Foam Balls 6-Count (EB004),Art & Craft,550.0,1
ANCRFO-7277,Angel Craft Foam Balls 8-Count (EB003),Art & Craft,500.0,1
ANCRGO-0525,Angel Craft Googly Eyes (EE002),Art & Craft,300.0,1
ANCRGO-2656,Angel Craft Googly Eyes (EE004),Art & Craft,300.0,1
GOEYCO-9684,Angel Craft Googly Eyes Coloured Mixed (EE-005),Art & Craft,300.0,0
ANCRMI-6010,Angel Craft Mini Glue Gun,Art & Craft,750.0,0
ANCRMU-1876,Angel Craft Multi Colour Craft Stick 50-Count (EW004),Art & Craft,520.0,1
ANCRPL-0905,Angel Craft Plain Craft Stick 100-Count,Art & Craft,420.0,12
ANCRPL-1375,Angel Craft Plain Craft Stick 50-Count (EW003),Art & Craft,420.0,1
POPOBA-2192,Angel Craft Pom Pom Ball (EBP-012),Art & Craft,300.0,10
POPOBA-8944,Angel Craft Pom Pom Ball (EBP-012),Art & Craft,300.0,16
BAFAGL-3182,Basiz Fabric Glue,Art & Craft,150.0,0
BAX-8624,"Bazic 2"" x 30y Duct Tape",Art & Craft,520.0,1
BAGLSH-8907,Bazic Glitter Shaker 4pcs,Art & Craft,150.0,1
BAMOCL-3651,Bazic Modeling Clay 4pcs,Art & Craft,500.0,1
BOMOCL-7036,Bohyvan Modeling Clay (18114),Art & Craft,300.0,0
BOMOCL-4181,Bohyvan Modeling Clay (18611),Art & Craft,500.0,0
BOWRKB-1168,Britsha Adhesive Wrapping Paper,Art & Craft,565.22,178
FLTIPA-9825,Brush Set,Art & Craft,500.0,1
CA-7220,Canvas - 12*16,Art & Craft,760.0,0
CA-2812,Canvas - 16*20,Art & Craft,840.0,0
CA-8970,Canvas - 9*12,Art & Craft,460.0,0
CHHWDR-0057,Chung Hwa Drawing Pencil (101),Art & Craft,20.0,1
CHHWDR-6233,Chung Hwa Drawing Pencil (101) - 8b,Art & Craft,25.0,0
COKIAP-0612,Cotton Kids Apron,Art & Craft,400.0,1
CRMOCL-6365,Crayola Modeling Clay 4pcs,Art & Craft,750.0,1
ELFAGL-4216,Elmer's Fabric Glue,Art & Craft,700.0,0
ELWHGL-3032,Elmer's White Glue - 40oz,Art & Craft,310.0,0
EMTH-1880,Embroidery Thread,Art & Craft,100.0,0
FOBO-3551,Foam Board,Art & Craft,450.0,11
FOCE-4211,Foska 3/4'' Cello Tape,Art & Craft,25.0,0
FOSC-8200,"Foska 8"" Scissors (YG9040-B)",Art & Craft,190.0,1
FOPOX-4138,Foska Post-It 3x3,Art & Craft,80.0,7
FOGLST-3787,Foska PVP Glue Stick 21g,Art & Craft,60.0,8
FOGLST-1279,Foska PVP Glue Stick 36g,Art & Craft,85.0,1
FOREBO-0080,Foska Retractable Box Cutter,Art & Craft,400.0,1
FOSTNO-6789,Foska Sticky Notes (Apple),Art & Craft,100.0,21
FOSTNO-2677,Foska Sticky Notes (Flower),Art & Craft,100.0,0
FOSTNO-0940,Foska Sticky Notes (Heart),Art & Craft,100.0,0
FOSTNO-3982,Foska Sticky Notes (Thumbs Up),Art & Craft,100.0,0
FOTADI-5057,Foska Tape Dispenser (T15008),Art & Craft,550.0,1
FOWHCR-6866,Foska White Craft Glue 125g,Art & Craft,125.0,1
GLSM-8298,Glitter - Sml,Art & Craft,300.0,0
INCOHA-4963,Instant Color Hair Chalk 12pcs,Art & Craft,200.0,1
KAMOCL-4596,Kamibaby Modeling Clay 4pcs,Art & Craft,452.0,1
MA-8895,"Maine 1 1/2"" x 50m Masking Tape",Art & Craft,200.0,1
MAX-2052,"Maine 1"" x 40m Masking Tape",Art & Craft,180.0,1
MAX-2926,Maine 1'' x 72m Cello Tape,Art & Craft,125.0,1
MAX-1511,"Maine 1/2"" x 20m Masking Tape",Art & Craft,45.0,1
MAX-1921,"Maine 1/2"" x 72m Masking Tape",Art & Craft,242.0,0
MAX-6988,Maine 2'' x 160m Cello Tape,Art & Craft,850.0,0
MAX-3469,Maine 2'' x 60m Masking Tape,Art & Craft,585.0,1
MAX-5271,Maine 2'' x 70m Cello Tape,Art & Craft,300.0,1
MAX-0006,Maine 3'' x 100m Cello Tape,Art & Craft,1000.0,1
MAX-8760,Maine 3/4'' x 36m Cello Tape,Art & Craft,25.0,1
MAADWR-5599,Maine Adhesive Wrapping Paper,Art & Craft,350.0,1
MAWAGL-3625,Maine Wax Glue Sticks for Glue Guns (6 per pack),Art & Craft,375.0,0
OFSTPA-7691,Ofimak Stamp Pad (OK242),Art & Craft,150.0,1
OFTADI-9029,"Ofimak Tape Dispenser 3/4""",Art & Craft,600.0,1
PAPA-7458,Paint Palette - 10 Tray,Art & Craft,650.0,0
PAPA-1946,Paint Palette - 16 Tray,Art & Craft,1000.0,0
PAKNSE-9875,Palette Knife Set,Art & Craft,1000.0,0
PAPA-0497,Parchment Paper,Art & Craft,2700.0,0
PAGL-0098,Pattex Glue,Art & Craft,600.0,0
PLARSM-8321,Plastic Art Smock (Apron),Art & Craft,600.0,1
SCIN-6254,"Reragonfly 5"" Scissors",Art & Craft,115.0,90
RUELBA-3711,Rumaila Elastic Band,Art & Craft,100.0,1
SAPILA-3726,Safety Pins (Large),Art & Craft,100.0,7
SAPIME-6094,Safety Pins (Medium),Art & Craft,70.0,30
SCMATA-1740,"Scotch Magic Tape 3/4""",Art & Craft,650.0,1
SOPA-2267,Soft Pastel,Art & Craft,1000.0,0
STMO-8154,"Studmark 1"" Mounting Tape",Art & Craft,350.0,1
STARPE-1501,Studmark Art Pencil (3410),Art & Craft,45.0,1
TIFADY-2072,Tintex Fabric Dye,Art & Craft,700.0,0
WOPABR-3483,Wooden Paint Brush - #10,Art & Craft,85.0,0
WOPABR-8788,Wooden Paint Brush - #11,Art & Craft,105.0,0
WOPABR-1001,Wooden Paint Brush - #12,Art & Craft,115.0,0
WOPABR-7746,Wooden Paint Brush - #14,Art & Craft,150.0,1
WOPABR-5388,Wooden Paint Brush - #2,Art & Craft,35.0,0
WOPABR-8101,Wooden Paint Brush - #4,Art & Craft,40.0,0
WOPABR-5163,Wooden Paint Brush - #6,Art & Craft,45.0,0
WOPABR-5208,Wooden Paint Brush - #7,Art & Craft,55.0,0
WOPABR-0693,Wooden Paint Brush - #8,Art & Craft,62.0,0
WOPABR-2824,Wooden Paint Brush - #9,Art & Craft,70.0,0
YATH-2125,Yarn Thread,Art & Craft,180.0,0
ADBA-4132,Adidas Backpack,Bags,6000.0,3
ADCRBA-0454,Adidas Waist Bag,Bags,3000.0,1
BABA-1532,Basic Backpack,Bags,1000.0,1
BISHLO-9279,BioWorld: Care Bear Bag with Lunch Kit,Bags,5500.0,1
BIDIMI-8811,BioWorld: Disney Minnie Mouse Bag with Lunch Kit,Bags,5500.0,1
BIDIST-4336,BioWorld: Disney Stitch Bag with Lunch Kit,Bags,5500.0,1
BIFRBA-4384,BioWorld: Frozen Bag with Lunch Kit,Bags,5500.0,2
MIBIBA-7634,BioWorld: Minecraft Bag with Lunch Kit,Bags,6000.0,1
BINISP-4095,BioWorld: Nickelodeon SpongeBob Bag with Lunch Kit,Bags,5500.0,2
BIPOPU-7061,BioWorld: Power Puff Girl Bag with Lunch Kit,Bags,5500.0,1
CABASE-6757,Catnap Bagpack Set,Bags,2000.0,2
CAPECA-2997,Catnap Pencil Case,Bags,1000.0,0
HEKIBA-0770,Disney Hello Kitty Bag,Bags,2500.0,1
DIMIMO-3453,Disney Minnie Mouse Bag,Bags,2500.0,3
HUBAWI-1217,Hurley Backpack with Lunch Kit,Bags,5500.0,1
LIFR-8412,Lilo & Friends Bag Set,Bags,2000.0,2
LUKI-8675,Lunch Kit,Bags,1000.0,14
MABASE-3403,Marvel Bag Set,Bags,5500.0,1
MIFR-5601,Mickey & Friends Bag Set,Bags,2000.0,2
MIMOBA-4451,Mickey Mouse Bag,Bags,2500.0,1
NIBA-0682,Nike Backpack - Army Green,Bags,6000.0,1
NIBA-0680,Nike Backpack - Neon,Bags,6000.0,2
NIBA-0681,Nike Backpack - Pastel,Bags,6000.0,1
NIPIFO-8024,Nike Pink Foam Backpack,Bags,6000.0,1
PUPAST-7088,Puma Backpack -  Red,Bags,6000.0,1
PUBA-0751,Puma Backpack - Green,Bags,6000.0,1
PUCRBA-6873,Puma Waist Bag,Bags,3000.0,1
REBR-6081,Reebok Backpack - Smokey Rose,Bags,6000.0,1
SMCR-9975,Smiling Critters Bagpack,Bags,1500.0,1
SMCRBA-6854,Smiling Critters Bagpack Set,Bags,2000.0,0
SOBASE-3777,Sonic Bag with Lunch Kit,Bags,5500.0,2
SPBAWI-6258,Spiderman Bag with Lunch Bag,Bags,5500.0,1
STOHBA-3040,Stitch Ohana Bag Set,Bags,2000.0,1
SUMABA-8319,Super Mario Bag Set,Bags,5500.0,1
TRMABA-1836,TrailMaker Classic Backpack,Bags,1500.0,1
ADHASA-9604,ADA Hand Sanitzer 237ml,Cleaning & Hygiene,460.0,1
ADHASO-2690,ADA Hand Soap 450ml,Cleaning & Hygiene,460.0,1
ADCO-0141,Adult 100% Cotton Bath Towel,Cleaning & Hygiene,1500.0,1
ASHASO-1343,Ashley Hand Soap 500ml,Cleaning & Hygiene,460.0,1
BAHOTO-3043,Baby Hooded Towel,Cleaning & Hygiene,1500.0,1
COBATO-5361,Cotton Bath Towel - Boys,Cleaning & Hygiene,1500.0,0
COBATO-2218,Cotton Bath Towel - Girl,Cleaning & Hygiene,1500.0,0
GICO-8820,Cotton Bath Towel Set - Girls,Cleaning & Hygiene,1800.0,1
DEANDE-6051,Degree Antiperspirant Deodorant,Cleaning & Hygiene,500.0,0
DIANHA-4807,Dial Anitbacterial Hand Soap 11oz,Cleaning & Hygiene,750.0,1
DOMECA-5182,Dove Men Care Dry Sport Antiperspirant,Cleaning & Hygiene,500.0,0
GEXHA-0799,Germ X Hand Sanitizer,Cleaning & Hygiene,200.0,1
HOWHTO-0531,Hot Wheels Toothbrush 10pcs,Cleaning & Hygiene,200.0,1
LYDISP-5309,Lysol Disinfectant Spray 12oz,Cleaning & Hygiene,1600.0,1
ALTGB-3190,Alcatel Tablet 3T8,Electronic Devices & Accessories,24500.0,1
DUCOBA-1301,Duracell Battery AA,Electronic Devices & Accessories,485.0,12
DUCOBA-3824,Duracell Battery AAA,Electronic Devices & Accessories,485.0,2
DUCOBA-7663,Duracell Battery D,Electronic Devices & Accessories,826.09,1
DVRCD-4728,DVD-R Disks,Electronic Devices & Accessories,217.39,7
LOHWI-4782,Logitech H600 Wireless Headset,Electronic Devices & Accessories,5000.0,1
MOPA-7842,Mouse Pad,Electronic Devices & Accessories,250.0,0
SACRBL-3003,SanDisk Cruzer Blade Flash Drive 16gb,Electronic Devices & Accessories,2500.0,1
SACRBL-6429,SanDisk Cruzer Blade Flash Drive 32gb,Electronic Devices & Accessories,3000.0,1
SACRBL-8998,SanDisk Cruzer Blade Flash Drive 64gb,Electronic Devices & Accessories,4000.0,1
SAULSD-6603,SanDisk Ultra SD Card with Adapter 16gb,Electronic Devices & Accessories,2500.0,1
SAULSD-2241,SanDisk Ultra SD Card with Adapter 32gb,Electronic Devices & Accessories,3000.0,1
SAULSD-7870,SanDisk Ultra SD Card with Adapter 64gb,Electronic Devices & Accessories,4000.0,1
XTWIOP-6504,Xtech Wired Optical Mouse,Electronic Devices & Accessories,700.0,1
XGOKR-8669,10x13 Golden Kraft Envelope,Paper Products,20.0,86
XGOKR-9548,10x15 Golden Kraft Envelope,Paper Products,25.0,11
XGOKR-8327,12x15.5 Golden Kraft Envelope,Paper Products,30.0,0
XGOKR-3404,9x12 Golden Kraft Envelope,Paper Products,18.0,68
ACCABO-9648,Accounts Cash Book,Paper Products,350.0,1
ACJO-0322,Accounts Journal,Paper Products,350.0,1
ACLEBO-3582,Accounts Ledger Book,Paper Products,350.0,1
ACPU-7797,Accounts Puchases,Paper Products,350.0,1
ACSABO-5129,Accounts Sales Book,Paper Products,350.0,1
814625013662,Awesome Word Search Jumbo,Paper Products,650.0,3
BASPIN-0793,Bazic Spiral Index Card 7.6cm x 12.7cm,Paper Products,350.0,1
CACHCO-2229,Beauty and the Beast Coloring & Activity Book,Paper Products,350.0,3
BIEA-4868,Big & Easy Colouring Book,Paper Products,650.0,92
BICOA-9884,Binding Cover A4 (Paper),Paper Products,1.0,0
BICOA-0706,Binding Cover A4 (Plastic),Paper Products,1.0,0
BLCAPA-6021,Black Cartridge Paper,Paper Products,95.0,1
CAST-5354,Card Stock,Paper Products,3000.0,0
'088908362000,Chicken Soup for the Soul Inspirational Word-Finds,Paper Products,450.0,1
COPA-5394,Construction Paper (96 sheet),Paper Products,500.0,33
COCOPA-6572,CopyRite Copy Paper F/S 75gsm,Paper Products,1400.0,1
COCOPA-7289,CopyRite Copy Paper L/S 75gsm,Paper Products,1250.0,1
LESICO-6715,Copyrite Paper - 100 Count F/S,Paper Products,500.0,7
LESICO-6184,Copyrite Paper - 100 Count L/S,Paper Products,350.0,1
DEBOPA-9224,Delivery Book 100pages in Duplicate,Paper Products,450.0,1
DOLIBO-7287,Double Line Book,Paper Products,50.0,1
DRBO-5643,Drawing Book - Big,Paper Products,690.0,1
DRBOSM-3820,Drawing Book - Small,Paper Products,485.0,1
DRGU-9293,Driver's Guide,Paper Products,1450.0,0
FOLEPA-5872,Folder Leaf Paper 100 sheets,Paper Products,550.0,1
FOLEPA-5508,Folder Leaf Paper 50 sheets,Paper Products,280.0,0
FOSU-5856,Force 1 Subject Wide Ruled Book 70Pages,Paper Products,230.0,1
FOSU-3729,Force 3 Subject Wide Ruled Book 120Pages,Paper Products,300.0,1
FOSU-3586,Force 5 Subject Wide Ruled Book 150Pages,Paper Products,370.0,1
FOCAPA-5414,Foska Carbon Paper A4,Paper Products,20.0,1
FOSHPR-4910,Foska Sheet Protector,Paper Products,17.39,1
GRBO-3149,Graph Book,Paper Products,400.0,1
GRPA-5746,Graph Paper 100 sheets,Paper Products,495.0,1
HPOFPA-9749,HP Office Paper L/S 75gsm,Paper Products,1450.0,0
JSQ-1013,J Squared 3 Per Page Receipt Book - Carbonized,Paper Products,1250.0,1
JSQ-6603,J Squared 3 Per Page Receipt Book - NonCarbonized,Paper Products,850.0,0
088908176010,KAPPA Bible Word Find,Paper Products,1.0,3
KABRCH-1082,KAPPA Braintainment (Chicken Soup for the Soul) Lg Print Word Find,Paper Products,1.0,1
088908390000,KAPPA Braintainment Lg Print Great Big Word Find,Paper Products,1.0,6
KOCAPA-6573,Kores Carbon Paper Legal Size,Paper Products,20.0,1
LESIBL-7276,Letter Size Blue Paper - 100 Count,Paper Products,1.0,1
MARO-6636,Machine Roll,Paper Products,185.0,0
NACOFD-5436,Navigator Copypaper F/S,Paper Products,1800.0,2
NECAPA-9746,Neon Cartridge Paper,Paper Products,88.0,1
NOFO-6435,Notice Form,Paper Products,90.0,0
PAMA-5149,Parcel & Mail Delivery Book,Paper Products,650.0,1
PACAPA-3325,Pastel Cartridge Paper,Paper Products,75.0,1
COENMA-4226,Pay Envelope Manilla,Paper Products,10.0,1
PECAPA-3028,Petty Cash Pad,Paper Products,88.0,1
PHLABO-7545,Physics Lab Book,Paper Products,1000.0,0
PLGO-6457,Plain #10 Golden Kraft Envelope,Paper Products,10.0,100
PLMA-5933,Plain #10 Manilla Envelope,Paper Products,10.0,500
PLWH-6813,Plain #10 White Envelope,Paper Products,10.0,499
PLGO-3417,Plain #8 Golden Kraft Envelope,Paper Products,10.0,463
XNO-9033,Platinum 4x6 Notebook,Paper Products,100.0,7
PLEX-3794,Platinum Executive 1 Quire Book,Paper Products,300.0,1
PLEX-8515,Platinum Executive 2 Quire Book,Paper Products,400.0,1
PLEX-6700,Platinum Executive 3 Quire Book,Paper Products,550.0,1
PLEX-2067,Platinum Executive 4 Quire Book,Paper Products,700.0,1
PRREOF-0909,Primary Register of Attendance,Paper Products,600.0,1
REREBO-6874,Rent Receipt Book 50 sheets with Copy,Paper Products,350.0,1
RULILE-0743,Ruled Lines Legal Size,Paper Products,2500.0,1
LEPACH-1188,Ruled Writing Pad - Legal Size,Paper Products,280.0,12
LESIPA-7446,Ruled Writing Pad - Letter Size,Paper Products,1250.0,6
CHNOSI-7929,Ruled Writing Pad - Note Size,Paper Products,150.0,8
SCBO-5936,Scrap Book,Paper Products,480.0,1
SCBO-0598,Scrap Book - Cartoon Character,Paper Products,500.0,0
SCBO-2145,Scrap Book - Sml,Paper Products,1.0,0
SEREOF-3198,Secondary Register of Attendance for College and School,Paper Products,600.0,1
SEEXBO-8955,Seek Exercise Book 100 Sheet,Paper Products,290.0,1
SEEXBO-6971,Seek Exercise Book 40 Sheet,Paper Products,142.0,1
SEEXBO-6911,Seek Exercise Book 70 Sheet,Paper Products,270.0,1
SEINBO-4924,Seek Invoice Book,Paper Products,550.0,1
SKPA-1533,Sketch Pad - Lg,Paper Products,650.0,1
SKPA-3907,Sketch Pad - Sml,Paper Products,450.0,0
STPA-0494,Steno Pad,Paper Products,160.0,0
STMU-9894,Student Music Manuscript Book (PMB02) - Lg,Paper Products,650.0,0
STMUMA-0633,Student Music Manuscript Book - Sml,Paper Products,450.0,0
TETOFI-3842,Teaching TOTS First Word,Paper Products,1.0,1
MARO-4264,"Thermal Paper - 3 1/8""",Paper Products,1.0,45
WHCAPA-9928,White Cartridge Paper,Paper Products,95.0,1
WIMA-8286,Window #10 Manilla Envelope,Paper Products,10.0,500
WIGO-7257,Window #8 Golden Kraft Envelope,Paper Products,10.0,49
WIMA-4013,Window #8 Manilla Envelope,Paper Products,10.0,312
WIWH-8059,Window #8 White Envelope,Paper Products,10.0,425
WICOBO-5199,Winners Composition Book (Hardcover),Paper Products,250.0,1
INRIBI-8758,1inch Ring Binder,Storage & Organization,700.0,0
LBCH-8317,3/4 lb Chipboard,Storage & Organization,35.0,1
BAPEPO-9714,Bazic Pencil Pouch with Mesh,Storage & Organization,350.0,7
STID-7881,Clear ID Card Holder,Storage & Organization,50.0,1
CEPOBA-6812,Document Bag (Letter Size - Horizontal),Storage & Organization,120.0,1
EADOBA-3007,Document Bag Legal Size,Storage & Organization,150.0,12
DOWAWI-1289,Document Wallet with Lace,Storage & Organization,385.0,1
DOPOFO-8312,Double Pocket Folder (Paper),Storage & Organization,92.0,9
BATWPO-7653,Double Pocket Folder (Poly),Storage & Organization,92.0,1
FOCABO-1416,Foska Cash Box - 10inch,Storage & Organization,1.0,0
FOCABO-3554,Foska Cash Box - inch,Storage & Organization,1600.0,1
FOCLBO-6822,Foska Clip Board A4 (WB002A),Storage & Organization,225.0,1
FOCLBO-9353,Foska Clip Board A4 (WB005A),Storage & Organization,400.0,1
FOCLBO-4959,Foska Clip Board FC (WB005F),Storage & Organization,600.0,1
FOCOPA-5686,Foska Colour Paper Clips - 33mm,Storage & Organization,70.0,17
INTADI-0352,Foska Index Tab Divider Sheet (HF289LT-5C),Storage & Organization,200.0,26
FONACA-2802,Foska Name Card,Storage & Organization,70.0,5
FOPACL-5300,Foska Paper Clips - 33mm,Storage & Organization,50.0,1
FOPACL-2912,Foska Paper Clips 50mm,Storage & Organization,225.0,1
TRTA-5990,"Foska Treasury Tags 8"" (TT2001)",Storage & Organization,450.0,1
BAHO-8167,Luggage Tag,Storage & Organization,200.0,1
MAFIFO-7404,Manilla File Folder F/S,Storage & Organization,30.0,1
MAFIFO-3967,Manilla File Folder L/S,Storage & Organization,25.0,1
MYCLBA-1940,My Clear Bag,Storage & Organization,1.0,5
PA-3239,Padlock,Storage & Organization,500.0,0
PAAZAC-7272,Paper A-Z Accordion File F/S,Storage & Organization,2800.0,1
UTBO-6605,Plastic Pencil Box,Storage & Organization,500.0,108
PUPI-7348,Push Pins - Coloured,Storage & Organization,1.0,8
RECOWI-3745,Report Cover with Binding Bar,Storage & Organization,100.0,1
REBARE-8715,Retractable Badge Reel,Storage & Organization,90.0,29
STPLEX-8264,Studmark Plastic Expanding File Folder F/C (ST00003),Storage & Organization,1000.0,1
XIN-7266,24 x 36inches White Board,Teaching Resources,4200.0,1
DLECH-2652,3D Learning Chart,Teaching Resources,300.0,9
11,Flash Card For Kids: Body Parts (F-072),Teaching Resources,800.0,0
FLCACO-7767,Flash Cards For Kids: Colours (F-034),Teaching Resources,800.0,2
FLFOAN-3668,Flash Cards For Kids: Food and Drinks (F-089),Teaching Resources,800.0,1
FLCAFR-6329,Flash Cards For Kids: Fruits (F-088),Teaching Resources,800.0,3
FLCAFO-3446,Flash Cards For Kids: Shape (F-035),Teaching Resources,800.0,0
FLCATE-5723,Flash Cards For Kids: Telling Time (F-052),Teaching Resources,800.0,3
FLCAVE-3046,Flash Cards For Kids: Vegetable (F-087),Teaching Resources,800.0,12
LECRTO-6543,Let's Craft Together Buzy Board Level 1,Teaching Resources,2310.0,1
LECRTO-3804,Let's Craft Together Buzy Board Level 2,Teaching Resources,2730.0,3
LECRTO-2395,Let's Craft Together Buzy Board Level 3,Teaching Resources,3465.0,3
MAFLCA-9611,Math Flash Card: Addition,Teaching Resources,800.0,1
MAFLCA-8166,Math Flash Card: Division,Teaching Resources,800.0,1
MAFLCA-2340,Math Flash Card: Multiplication,Teaching Resources,800.0,1
MAFLCA-0486,Math Flash Card: Subtraction,Teaching Resources,800.0,1
NAFLAW-5356,National Flag Awareness Flash Card,Teaching Resources,500.0,0
TAPOEL-2517,Talking Chart - Fruits (5026),Teaching Resources,2000.0,0
TACHAN-7411,Talking Chart: Animals (5027),Teaching Resources,2000.0,0
TAPOEL-2241,Talking Chart: My Body (LWG009),Teaching Resources,2000.0,0
TACHNU-9980,Talking Chart: Number 1-100 (QD-5049),Teaching Resources,2000.0,0
TAPOEL-4544,Talking Chart: Vegetables (5038),Teaching Resources,2000.0,0
TACH-8046,Talking Chart: Vehicles (5037),Teaching Resources,2000.0,9
TAPO-5486,Talking Poster: Alphabet (AG08),Teaching Resources,2000.0,0
TAPO-9310,Talking Poster: Animal Alphabet (AG02),Teaching Resources,2000.0,0
TAPO-0424,Talking Poster: Construction Site Vehicles  (AG05),Teaching Resources,2000.0,0
TAPO-6226,Talking Poster: Dinosaur (AG01),Teaching Resources,2000.0,0
TAPO-8197,Talking Poster: Farm Animals (AG07),Teaching Resources,2000.0,0
TAPO-5949,Talking Poster: My Body  (AG03),Teaching Resources,2000.0,1
TAPO-5450,Talking Poster: Ocean Life (AG06),Teaching Resources,2000.0,1
TAPO-0722,Talking Poster: Solar Systems (AG04),Teaching Resources,2000.0,0
TCKI-6700,TCM Kindergarten - My Addition Workbook,Teaching Resources,800.0,3
TCPR-9358,TCM PreSchool - My Letters Workbook,Teaching Resources,800.0,3
TCPRMY-7976,TCM PreSchool My Numbers 1-20 Workbook,Teaching Resources,800.0,3
TOLEFL-1687,Toddler Learning Flash Card 18 months,Teaching Resources,800.0,0
WOARCO-1020,Wooden Arithmetic Computing Frame (Abacus),Teaching Resources,750.0,1
YARE-4751,Yamaha Recorder,Teaching Resources,2173.91,1
BAWA-2938,Baby Washcloths,Toiletries,1000.0,1
BABO-9322,Bath & Body Works Fragrance - At The Beach,Toiletries,2000.0,5
BABO-5527,Bath & Body Works Fragrance - Juniper Breeze,Toiletries,2000.0,0
BABO-7702,Bath & Body Works Fragrance - White Citrus,Toiletries,2000.0,0
BUST-4773,Buttons & Stitches Washcloth,Toiletries,1000.0,1
CAWARA-1285,Cartoon Washcloth,Toiletries,100.0,3
CACOWA-0287,Casual Collection Washcloth - 12 Pck,Toiletries,1500.0,1
JUBOWA-4357,Just Born Washcloths 4pcs,Toiletries,1000.0,1
LYHAWI-9765,Lysol Disinfecting Wipes 80pcs,Toiletries,2200.0,5
MAWA-5858,Mainstays Washcloths 100% Cotton 18 pk - Assrt,Toiletries,1500.0,1
WAADWH-6936,Mainstays Washcloths 100% Cotton 18pk -White,Toiletries,1500.0,1
MIWI-8685,Mine Wipes 80 Count,Toiletries,800.0,1
MOMOWI-8143,Moon Moon Wipes 80 Count,Toiletries,800.0,1
PLSODI-9297,Plastic Soap Dispenser,Toiletries,870.0,1
SHBR-1935,Shoes brush,Toiletries,100.0,1
SOHATO-2225,Sophie Hand Towel,Toiletries,400.0,1
SOTI-2810,Sophie Tissue,Toiletries,110.0,1
SUSCSP-4135,Sport Sun Screen Spray,Toiletries,700.0,0
TETI-5705,Tenderly Tissue,Toiletries,120.0,48
ULCOSO-4394,Ultra Compact Soft Handkerchief 10Pcs,Toiletries,0.99,0
ULCOWI-3385,Ultra Compact Wipes 100 Count,Toiletries,800.0,1
WEBETI-2388,West Best Tissue,Toiletries,100.0,1
CUPA-2038,1000% Cute Panties,Toys & Gifts,1000.0,1
FOBO-6837,Adidas Football Boots - Kids,Toys & Gifts,4000.0,1
ALPU-4430,Alphabet Puzzle,Toys & Gifts,1500.0,0
BARE-4469,Baby Receiver,Toys & Gifts,2000.0,1
BASHPA-8680,Baby Shark Panties,Toys & Gifts,1000.0,1
BAWABO-0085,Baby Water Bottle,Toys & Gifts,1000.0,1
BABOSP-4265,Banana Boat Sport Ultra,Toys & Gifts,900.0,0
BADO-4574,Barbie Doll 3+,Toys & Gifts,1150.0,1
BASPSP-8489,Barbie Spray N Splash Mat,Toys & Gifts,1000.0,1
BRSTST-6673,Bratz Stainless Steel Tumbler with Straw 40oz,Toys & Gifts,7391.3,1
BUBL-1397,Building Block - 80ct,Toys & Gifts,6500.0,0
BUBL-6323,Building Block - 82ct,Toys & Gifts,6800.0,0
BUBLSM-8344,Building Block Small,Toys & Gifts,800.0,1
9781648334986,Carry Along: First Bible Stories for Boys,Toys & Gifts,1.0,1
CLSH-9407,Clarks Shoes - Dessert Black Suede,Toys & Gifts,12000.0,0
MEDECL-4044,Clarks Shoes - Dessert Sand Suede,Toys & Gifts,12000.0,3
CLSHFE-0239,Clarks Shoes - Tamzen Step Loafer,Toys & Gifts,2000.0,1
MECLLO-1562,Clarks Shoes - Wallabee Black Suede,Toys & Gifts,12000.0,1
COMUTR-5714,Cocomelon Musical Train,Toys & Gifts,2500.0,1
COSI-9490,Cocomelon Sing & Learn Laptop,Toys & Gifts,5000.0,1
CRNAGE-6810,Creative Nailboard GeoBoard,Toys & Gifts,1500.0,11
CU-5766,Curtains 54'' x 84'',Toys & Gifts,1.0,2
CUPEIN-7571,Cute Pet Inertia Car 6M+,Toys & Gifts,500.0,1
DIJUMI-7801,Disney Junior Minnie Imagine Ink,Toys & Gifts,500.0,1
DOSILE-1421,Double Sided Learning Board,Toys & Gifts,1500.0,0
ELORPI-6164,Electronic Organ Piano Toy,Toys & Gifts,1304.34,1
FILIPE-9054,Fisher-Price Little People Recycling Truck,Toys & Gifts,2000.0,1
CRKICH-8934,Folding Kids Chair 22x15,Toys & Gifts,250.0,1
GKIDO-2467,G Kidz Doodle Cat Magic Tablet,Toys & Gifts,1500.0,1
SLGA-7757,Gap Baby Flip-Flop Sandals,Toys & Gifts,1200.0,2
GABOSH-9224,Gap Boys' Short - Peach,Toys & Gifts,1.0,1
GABOSH-2683,Gap Boys' Short - Purple,Toys & Gifts,0.98,0
GABOSH-2683,Gap Boys' Shorts - Brown,Toys & Gifts,1.0,4
GABOSH-2684,Gap Boys' Shorts - Green,Toys & Gifts,1.0,1
GASL-5678,Gap Slipper,Toys & Gifts,1200.0,0
GIBUWA-5983,Giant Bubble Wand 4oz,Toys & Gifts,300.0,1
GIPE-0884,Giant Pencils,Toys & Gifts,200.0,6
GICE-8048,"Gift Certificate - $10,000",Toys & Gifts,10000.0,100
GICE-7861,Gift Certificate - $15000,Toys & Gifts,15000.0,100
GICE-5872,"Gift Certificate - $20,000",Toys & Gifts,20000.0,0
GICE-5545,Gift Certificate - $5000,Toys & Gifts,5000.0,100
GRBAPL-3018,Grocery Basket Playset,Toys & Gifts,0.0,1
HAFOSE-1810,Hamburger Playfood Set,Toys & Gifts,1000.0,0
HABOVB-1242,Hanes Boxer Briefs - Pack,Toys & Gifts,2000.0,2
HAGITA-1929,Hanes Girls Tagless Hipsters,Toys & Gifts,1000.0,1
HASOAG-5058,Hanes Socks (Ages 6-12) - Pack,Toys & Gifts,2000.0,1
HATABO-3699,Hanes Tagless Boy Brief 6pcs,Toys & Gifts,2500.0,1
HEKICO-5776,Hello Kitty Coloring and Activity Book,Toys & Gifts,500.0,1
RACO-8765,Hello Kitty Student Backpack Rain Coat,Toys & Gifts,0.0,1
HEKI-1103,Hello Kitty Water Bottle,Toys & Gifts,2000.0,2
JUPEMU-1707,Junca Little Singer Microphone,Toys & Gifts,1500.0,1
RBGOPC-9599,Kids Goggles Age 7+,Toys & Gifts,600.0,1
KIINBU-0404,Kids Infinty Building Block 170pcs,Toys & Gifts,10000.0,1
KIMETO-3636,Kids Melody Touch & Teach Words Book of Animal World,Toys & Gifts,2500.0,1
KIWHMA-7539,Kids' Merino Undershirt,Toys & Gifts,100.0,0
LA-3115,Lace,Toys & Gifts,300.0,0
LELEKI-9049,Let's Learn Kindergarten Giant Activity Floor Pad,Toys & Gifts,2240.0,1
LIYEAC-6009,Light Year Active Flooring,Toys & Gifts,2000.0,1
LITREA-6911,Little Treasure Easy to Clean Bibs,Toys & Gifts,500.0,3
LUSUSI-3372,Luigi Super Size Figure,Toys & Gifts,1500.0,3
MABL-9563,Magnetic Blocks,Toys & Gifts,1800.0,0
MAFOPA-8739,Maiden Form Panties,Toys & Gifts,1000.0,1
MEDO-6484,Melissa & Doug Water Wow!,Toys & Gifts,0.0,25
MESH-0996,Men's Shirt - Aeropostale (Blue Tones),Toys & Gifts,1200.0,1
AEMESH-0150,Men's Shirt - Aeropostale (Navy Blue),Toys & Gifts,1200.0,3
MESH-3399,Men's Shirt - Aeropostale (Red),Toys & Gifts,1200.0,0
MESH-9860,Men's Shirt - Aeropostale (Red/Blue Stripes),Toys & Gifts,1200.0,0
MESH-3708,Men's Shirt - Aeropostale (White),Toys & Gifts,1200.0,0
CAKLME-8390,Men's Shirt - Calvin Klein (Yellow),Toys & Gifts,1200.0,1
HOMESH-7984,Men's Shirt - Hollister (Pink/Black Ombre),Toys & Gifts,1200.0,1
MESH-6233,Men's Shirt - Kenneth Cole (Black),Toys & Gifts,1200.0,0
MESH-4044,Men's Shirt - Kenneth Cole (Blue/White),Toys & Gifts,1200.0,1
KECOME-2287,Men's Shirt - Kenneth Cole (Brown),Toys & Gifts,1200.0,3
MESH-7117,Men's Shirt - Michael Kors (Black),Toys & Gifts,1200.0,0
MIKOME-3312,Men's Shirt - Michael Kors (White/Black),Toys & Gifts,1200.0,2
NAMESH-9107,Men's Shirt - Nautica (Yellow/White/Blue),Toys & Gifts,1200.0,2
POMESH-0218,Men's Shirt - Polo (Aqua),Toys & Gifts,1200.0,1
MESH-0681,Men's Shirt - Polo (Red/White/Blue),Toys & Gifts,1200.0,1
TAMESH-0253,Men's Shirt - Tahari (Black/White/Grey)),Toys & Gifts,1200.0,1
TOHI-3822,Men's Shirt - Tommy Hilfiger,Toys & Gifts,1200.0,1
NACOTS-2974,Nautica Assorted Crew Neck T-Shirt,Toys & Gifts,1200.0,1
NACOCR-7753,Nautica White Crew Neck T-Shirt,Toys & Gifts,1200.0,1
NIMESH-2034,Nike Jersey Shirt (Neon Green),Toys & Gifts,1200.0,2
MESH-6244,Nike Jersey Shirt (White),Toys & Gifts,1200.0,0
NISH-1083,Nike Shoes - Court Borough Mid,Toys & Gifts,4000.0,1
NIWABO-4085,Nike Water Bottle,Toys & Gifts,2000.0,5
NIWABO-9022,Nike Water Bottle with Graphics,Toys & Gifts,2000.0,0
OL-2981,Old Navy Pool Slide Sandals,Toys & Gifts,1200.0,1
PL-3674,PlaceMat,Toys & Gifts,600.0,0
PLDABU-2857,Play Day Bubble Blast Solution 4oz 3+,Toys & Gifts,0.0,1
POWHSO-5041,Polo Ralph Lauren Men's Socks - White,Toys & Gifts,1500.0,1
POSH-0206,Polo Shoes - Ralph Lauren Sayer Sneakers,Toys & Gifts,4000.0,1
PRROPA-1568,Princess Rose Panties - 4T,Toys & Gifts,1000.0,1
PUBOCR-4679,Puma Boy Crew neck T-Shirt,Toys & Gifts,1500.0,1
RAKIMI-0446,Rainbowland Kids Mini Barbeque Cart,Toys & Gifts,1000.0,1
REROPA-4202,Reni Rofe Panties - 3T,Toys & Gifts,1000.0,2
REROPA-3357,Reni Rofe Panties - 4T,Toys & Gifts,1000.0,1
PLWABO-8439,Shaker Bottle,Toys & Gifts,800.0,9
SHRABU-0213,Shaker Rattle Bug Car,Toys & Gifts,300.0,1
9781788007610,Sing Along With Me! Five Little Ducks,Toys & Gifts,1200.0,8
9781788007450,"Sing Along With Me! Head, Shoulders, Knees and Toes",Toys & Gifts,1200.0,11
9781788008501,Sing Along With Me! If You're Happy and You Know It,Toys & Gifts,1200.0,8
9781788007542,Sing Along With Me! Incy Wincy Spider,Toys & Gifts,1200.0,6
9781788007467,Sing Along With Me! Old Macdonald had a Farm,Toys & Gifts,1200.0,5
9781788007573,"Sing Along With Me! Row, Row, Row Your Boat",Toys & Gifts,1200.0,11
9781788007559,Sing Along With Me! The Wheels on The Bus,Toys & Gifts,1200.0,7
9781788007474,Sing Along With Me! This is the Way We Go to School,Toys & Gifts,1200.0,4
9781788007603,Sing Along With Me! Twinkle Twinkle Little Star,Toys & Gifts,1200.0,5
SPACFL-3284,Spider-Man Active Flooring,Toys & Gifts,2000.0,1
STWA-1038,Star Wars 100% Cotton Brief,Toys & Gifts,1000.0,1
LIST-6122,Stitch & Angel Stainless Steel Bottle 20oz,Toys & Gifts,3500.0,1
SUMASU-8659,Super Mario Super Size Figure,Toys & Gifts,1500.0,1
SWSA-5864,Sweet & Sassy Panties,Toys & Gifts,1000.0,1
TAFLCA-1702,Talking Flash Cards,Toys & Gifts,1500.0,0
TEBYHA-6518,TEN28 Boy Boxer Brief,Toys & Gifts,1200.0,1
TOCAAC-7070,Toki Cat: Activity Cards & Write & Wipe - Letters,Toys & Gifts,1000.0,0
TOCAAC-9911,Toki Cat: Activity Cards & Write & Wipe - Math,Toys & Gifts,1000.0,0
TOSTPU-4914,Toy Story Active Flooring,Toys & Gifts,2000.0,1
ULHABO-0002,Ultimate Hanes Boxer Brief 5pcs 14-16,Toys & Gifts,2000.0,1
WABO-4216,Water Bottle,Toys & Gifts,2000.0,0
WIKASP-0254,Wireless Karaoke Speaker,Toys & Gifts,1500.0,0
INWORU-5659,12inch Wooden Ruler,Writing & Correction,150.0,0
HOBASH-4801,2-Hole Barrel Sharpener,Writing & Correction,160.0,1
INWORU-0609,6inch Wooden Ruler,Writing & Correction,100.0,0
AEAWI-5721,A+ Easy Wipe White Board Marker,Writing & Correction,150.0,0
ALSAGR-1061,Alfa Saca Grapa Staple Remover,Writing & Correction,50.0,1
BAMIST-9184,Basiz Mini Stapler,Writing & Correction,350.0,0
BAER-3879,Bazic Eraser,Writing & Correction,200.0,0
FLRU-7975,Bazic Flexible Ruler,Writing & Correction,160.0,0
BAHI-8784,Bazic Highlighter (2331),Writing & Correction,60.0,1
BAMEPE-0295,Bazic Mechanical Pencil,Writing & Correction,130.0,1
BAWHMA-0492,Bazic Whiteboard Marker,Writing & Correction,40.0,1
BEHI-4916,Berol Highlighter,Writing & Correction,60.0,3
BEPEMA-9998,Berol Permanent Marker,Writing & Correction,60.0,3
BEWHMA-1925,Berol Whiteboard Marker,Writing & Correction,40.0,35
BIBAPO-8756,Bic Ball Point Pen,Writing & Correction,50.0,1
CACAFX-2965,Casio Calculator (fx-82ES PLUS),Writing & Correction,3800.0,29
CLPRPE-8976,Cli Primary Pencils (Jumbo),Writing & Correction,110.0,1
COCRWA-0045,Color Crayons Wax - 12 count,Writing & Correction,100.0,25
COCRWA-5134,Color Crayons Wax - 24 count,Writing & Correction,200.0,0
CONEEL-9401,Colores New Elite Pencil Crayon 12-Count,Writing & Correction,200.0,1
CONEEL-6222,Colores New Elite Pencil Crayon 24-count,Writing & Correction,300.0,1
CONEEL-1497,Colores New Elite Pencil Crayon 48-Count,Writing & Correction,869.56,1
CRPECR-5217,Crayola Pencil Crayon 12-Count,Writing & Correction,850.0,1
CRPECR-0155,Crayola Pencil Crayon 24-Count,Writing & Correction,1304.35,1
CRWACR-7626,Crayola Wax Crayons 24-Count,Writing & Correction,650.0,1
CRWACR-3219,Crayola Wax Jumbo Crayons 8-Count,Writing & Correction,850.0,1
DEANFA-1010,Deli Animal Family Pencil Sharpener,Writing & Correction,100.0,1
DETH-0235,Deli Thumbtack,Writing & Correction,45.0,1
DEST-6211,Deluxe Staples (DL 5013),Writing & Correction,1.0,3
EBFAWH-0858,Eberhard Faber Whiteboard Marker,Writing & Correction,60.0,95
EMER-7469,Emoji Eraser (60 Count),Writing & Correction,500.0,1
EXWHMA-7878,Expo Whiteboard Marker,Writing & Correction,250.0,3
FOSHSI-8673,Football Sharpener (single hole),Writing & Correction,100.0,3
FOHOPU-1356,Foska 1-Hole Punch (PP1101B),Writing & Correction,180.0,1
FOCACA-1940,Foska 12- Digit Calculator CA3212-7,Writing & Correction,1000.0,1
FODI-0016,Foska 12- Digit Calculator CA3312-6,Writing & Correction,1500.0,1
FOHOPU-0995,Foska 2-Hole Punch (PP8614),Writing & Correction,600.0,1
FOIN-1387,Foska 4 in 1 Ball Point Pen (XH3107),Writing & Correction,60.0,1
FOBAPE-0658,Foska Ballpoint Pen (XH2152),Writing & Correction,35.0,25
FOCOFL-2999,Foska Correction Fluid 12ml,Writing & Correction,85.0,1
FOCOFL-5339,Foska Correction Fluid Pen 7ml,Writing & Correction,100.0,1
FOENIN-3503,Foska Endorsing Ink (Red),Writing & Correction,220.0,1
FOGEPE-4409,Foska Gel Pen (RH1124),Writing & Correction,40.0,1
FOGEPE-5877,Foska Gel Pen (RH115),Writing & Correction,40.0,1
FOHBPE-7784,Foska HB Pencil,Writing & Correction,15.0,1
FOHI-4525,Foska Highlighter (MK 2002),Writing & Correction,20.0,399
FOHIML-1191,Foska Highlighter (ML 2015-12),Writing & Correction,20.0,95
FOINMA-2378,Foska Index Marker (G3355),Writing & Correction,198.0,0
FOLAFI-1635,Foska Laminating Film A4,Writing & Correction,30.0,1
FOLAFI-6977,Foska Laminating Film Legal Size,Writing & Correction,39.0,1
FOMEHO-1588,Foska Metal 1-Hole Sharpener,Writing & Correction,100.0,1
MEHOSH-2787,Foska Metal 2-Hole Sharpener,Writing & Correction,160.0,1
FOMEPA-4584,Foska Metal Paper Fastener (T10011),Writing & Correction,225.0,1
FOPEXH-5726,Foska Pen (XH0933),Writing & Correction,20.0,0
MK70011,Foska Permanent Marker - Chisel Point (MK7001-1),Writing & Correction,20.0,493
FOPEMA-2319,Foska Permanent Marker - Round Tip (MK7002),Writing & Correction,100.0,1
FOPLHO-5922,Foska Plastic 1-Hole Sharpener (AT0641),Writing & Correction,7.0,1
FOPLRU-9093,Foska Plastic Ruler 30cm,Writing & Correction,50.0,1
FORUBA-8591,Foska Rubber Band (Brown),Writing & Correction,200.0,1
FOSTRE-6063,Foska Staple Remover,Writing & Correction,68.0,1
FOSTST-9636,Foska Stapler (ST0608),Writing & Correction,1000.0,0
FOST-6315,Foska Stapler ST0960,Writing & Correction,750.0,1
FOST-5885,Foska Staples 26/6,Writing & Correction,200.0,1
FOTH-0486,Foska Thumbtack,Writing & Correction,75.0,1
FOWHER-2767,Foska Whiteboard Eraser,Writing & Correction,150.0,1
FOWHMA-6873,Foska WhiteBoard Marker - Bullet Point (MK8001),Writing & Correction,60.0,1
FRER-1466,Fruit Eraser (60 Count),Writing & Correction,300.0,1
OXER-4671,Helix Oxford Eraser,Writing & Correction,75.0,1
OXMAIN-2890,Helix Oxford Mathematical Instrument (Geometry Set),Writing & Correction,650.0,17
HESESQ-1841,Helix Set Square 31cm/60-degrees,Writing & Correction,650.0,8
HESESQ-7536,Helix Set Square 45/45,Writing & Correction,650.0,17
HETS-9914,Helix T-Square,Writing & Correction,2875.0,0
MIJAER-7921,Mini Jar Eraser,Writing & Correction,200.0,1
OFHI-5795,Ofimak Highlighter,Writing & Correction,20.0,1
OFPEMA-8883,Ofimak Permanent Marker,Writing & Correction,40.0,0
OVFRER-6608,Ovihao Fruit Eraser,Writing & Correction,500.0,1
OWHOSH-7132,Owl 2-Hole Sharpener,Writing & Correction,100.0,1
CHBROX-6778,Oxford Mathematical Instrument (Geometry Set),Writing & Correction,650.0,10
PETOER-9415,Pencil Topper Eraser,Writing & Correction,50.0,110
PERSPE-8564,Pentel R.S.V.P Pen,Writing & Correction,165.0,1
PEWHBO-9976,Pentel Whiteboard Marker (MW45),Writing & Correction,150.0,1
PLDOHO-8796,Plastic Double Hole Sharpener,Writing & Correction,150.0,0
PO-3515,"Post-It 1 1/2*2""",Writing & Correction,50.0,0
SHSCCA-0584,Sharp Scientific Calculator,Writing & Correction,3910.0,0
SPBAER-9557,Sports Ball Eraser - 60Count,Writing & Correction,300.0,1
STPE-9536,Stabilo pen,Writing & Correction,180.0,9
STERSI-4122,Studmark Eraser,Writing & Correction,180.0,1
STLEMI-8606,Studmark Leads Minas 0.5mm - HB,Writing & Correction,260.87,1
STLEMI-4154,Studmark Leads Minas 0.7mm - HB,Writing & Correction,260.87,1
STWHMA-9620,Studmark Whiteboard Marker,Writing & Correction,60.0,11
